
INSERT INTO `users_types` (`id`, `name`) VALUES
(1, 'ADMIN'),
(2, 'AGENT');

INSERT INTO `users` (`id`, `name`, `email`, `phone`, `password`, `status`, `user_type_id`, `is_deleted`, `created`, `updated`) VALUES
(1, 'ุญุณุงุจ ุงููุทูุฑ', 'albrer112@gmail.com', '249123342124', '$2a$10$njpQGvDgOlEgZnMHe.o4U.eoBxUh07XhVbJP4rzq4COXzJH7.ZFQa', 0, 1, 0, '2024-09-24 11:22:09', '2024-09-24 11:22:09'),
(2, 'ุนุจุฏุงูููู ุนุซูุงู', 'avl@trackingmaps.sa', '966556824160', '$2a$10$8cmdHI/m2JSSB4RCngBcweYR7bq36fmw5Q9b1lNnnCN0/e5xEoQ8y', 0, 1, 0, '2024-09-15 17:01:37', '2024-09-15 17:01:37'),
(4, 'ุนุจุฏุงูุนุฒูุฒ ุงููุญูููุฏ', 'admin@trackingmaps.sa', '966555018868', '$2a$10$uOzydWdEHERX.kQcXg5Mn.1LKh.24gamxm92J5ZJs.4vHP4ntQUBC', 0, 1, 0, '2024-09-16 21:45:50', '2024-09-16 21:45:50'),
(5, 'ุนุจุฏุงูููู ุนุซูุงู', 'it@gpstracmap.com', '966552168008', '$2a$10$95tkLafcCoImTyLacOcBZ.Gg7f4WJ7KoV4eat4qlLDRLuGh8oXtG.', 0, 1, 1, '2024-09-15 17:00:49', '2024-09-15 17:00:49');

INSERT INTO `auto_assign_setting` (`id`, `user_id`, `time`, `created`) VALUES
(1, 2, 1, '2024-09-16 15:38:51');

INSERT INTO `channels` (`id`, `name`, `type`, `auto_replay`, `is_deleted`, `created`, `updated`) VALUES
(1, 'WB(0555315999)', 'WB', 'ุนุฒูุฒู ุงูุนููู ูุฑุญุจุงู ุจู ูู \\nTracking Maps\\nุฎุฏูุฉ ุชุชุจุน ุงููุฑูุจุงุช AVL\\n ุชูุถู ููู ูููููู ุชูุฏูู ุงูุฎุฏูุฉ.', 0, '2024-09-23 08:08:40', '2024-09-23 08:08:40'),
(2, 'WB(0555086030)', 'WB', 'ุนุฒูุฒู ุงูุนููู ูุฑุญุจุงู ุจู ูู \\nTracking Maps\\nุฎุฏูุฉ ุชุชุจุน ุงููุฑูุจุงุช AVL\\n ุชูุถู ููู ูููููู ุชูุฏูู ุงูุฎุฏูุฉ.', 0, '2024-10-19 19:46:46', '2024-10-19 19:47:10');


INSERT INTO `whatsapp_channels` (`id`, `channel_id`, `name`, `phone_id`, `phone_number`, `account_id`, `app_id`, `secret_key`, `token`, `is_deleted`, `created`, `updated`) VALUES
(1, 1, 'WB(0555315999)', '383394578199374', '966555315999', '428968416963218', '471497852416957', 'ede9fb9b86bfefe91dcbdd9bd89e997b', 'EAAGs0yYBc70BOzmD8mODjub83tZAr561uxbDcHgdVWlmG8pxfZBJZCJgMN3t4XzajyY39DJCvr8pUwTEHace36ILiYg9dXf40NvVFUcZBosPwybVuo2VSSXA2S33PZCGTNgS4dXZAhNFjklhN8EOFm26zKnOZAKzLDw0nTnZAX834hSaIhOyGyukgqEB4rr9jzV45QZDZD', 0, '2024-05-07 04:16:53', '2024-09-15 16:58:53'),
(2, 2, 'WB(0555086030)', '461920357002589', '966555086030', '428968416963218', '471497852416957', NULL, 'EAAGs0yYBc70BOzmD8mODjub83tZAr561uxbDcHgdVWlmG8pxfZBJZCJgMN3t4XzajyY39DJCvr8pUwTEHace36ILiYg9dXf40NvVFUcZBosPwybVuo2VSSXA2S33PZCGTNgS4dXZAhNFjklhN8EOFm26zKnOZAKzLDw0nTnZAX834hSaIhOyGyukgqEB4rr9jzV45QZDZD', 0, '2024-10-19 19:46:46', '2024-10-19 19:46:46');


INSERT INTO `templates` (`id`, `template_id`, `name`, `channel_id`, `category`, `language`, `body`, `body_inputs`, `header`, `footer_text`, `status`, `status_note`, `is_default`, `created`, `updated`) VALUES 
(1, '1176336220327866', 'strart_new_conversation', 1, 'MARKETING', 'en_US', 'ููุชุญุฏุซ ูุน ููุธู ุงูุฏุนู ุงูููู ูุฑุฌู ุงุฎุชูุงุฑ ุจุฏุก ูุญุงุฏุซุฉ', 0, 'TEXT', NULL, 'APPROVED', 'NONE', 0, '2024-09-15 17:13:47', '2024-09-15 17:14:01');

INSERT INTO `template_buttons` (`id`, `template_id`, `type`, `name`, `value`) VALUES
(1, 1, 'QUICK_REPLY', 'ุจุฏุก ุงููุญุงุฏุซุฉ', NULL),
(2, 1, 'QUICK_REPLY', 'ุงูุชุญุฏุซ ูุงุญูุง', NULL);

INSERT INTO `template_header` (`id`, `template_id`, `format`, `value`) VALUES
(1, 1, 'TEXT', 'ุงูุฏุนู ุงูููู ุฎุฑุงุฆุท ุงูุชุชุจุน');

INSERT INTO `whatsapp_template_cost` (`id`, `template_type`, `cost`, `created`) VALUES
(1, 'UTILITY', 0.0115, '2024-09-21 17:01:04'),
(2, 'MARKETING', 0.0406, '2024-09-21 17:01:04');

INSERT INTO `teams` (`id`, `name`, `is_deleted`, `created`) VALUES
(1, 'ุงูุฏุนู ุงูููู ', 0, '2024-09-15 16:50:43');

INSERT INTO `team_channels` (`id`, `team_id`, `channel_id`, `created`) VALUES
(1, 1, 1, '2024-09-15 16:50:49');

INSERT INTO `team_users` (`id`, `team_id`, `user_id`, `created`) VALUES
(1, 1, 2, '2024-09-15 17:03:50'),
(2, 1, 4, '2024-09-15 17:03:57');

INSERT INTO `replays` (`id`, `tag`, `body`, `created`) VALUES
(1, 'ุณุนุฑ ุฌูุงุฒ ููุท ุณูุฑูุฑ 3', 'ูููุฉ ุชุฒููุฏ ุงูุฎุฏูุฉ ุนูู ุงูุณูุงุฑุฉ ุงููุงุญุฏุฉ 530 ุฑูุงู ุดุงููุฉ ุงูุถุฑูุจุฉ ุจุงูุฉ ูุงููุฉ ุชุดูู (ุฌูุงุฒ ุชุชุจุน ูุฌุงูุง + ุงุดุชุฑุงู ุณูุฉ ุนูู ููุตุฉ ุงูุชุชุจุน ูุน ุดุฑูุญุฉ ุงูุจูุงูุงุช + ุงูุชุฑููุจ ูุงูุถุฑูุจุฉ) ', '2024-09-15 16:16:45'),
(2, 'ุฎุตุงุฆุต ุงูุฌูุงุฒ', 'ุจุฎุตูุต ุฃุฌูุฒุฉ ุงูุชุชุจุน ูุชููุฑุฉ ุนูุฏูุง ุฃุฌูุฒุฉ ุงูุฌูู ุงูุฑุงุจุน :\nุงูุฌูุงุฒ ุตุบูุฑ ุจุญุฌู ูู ุงููุฏ ูุชุฑูุจ ุจุดูู ูุฎูู ุฎูู ุงูุฏูููุฑ ุงูุฏุงุฎูู ูููุฑูุจุฉ ูุชุชูุฏุฏ ุชูุตููุงุชู ุนูู ุนูุจุฉ ุงููููุฒุงุช ุจุฏูู ุชูุทูุน ุงู ุชุฌุฑูุญ ุชูุงุฏูุง ูุฅูุบุงุก ุถูุงู ุงูููุฑุจ ุนูู ุงููุฑูุจุฉ, ููุตุฉ ุงูุชุชุจุน ุชุชูุญ ูู ุชุชุจุน ูุจุงุดุฑ ุนูู ุญุฑูุฉ ุงููุฑูุจุฉ ุจุงูุงุถุงูุฉ ุงูู ุญูุธ ุงููุณุงุฑุงุช ุงูููุทูุนุฉ ูุขุฎุฑ 6 ุดููุฑ, ุงูุฌูุงุฒ ูุนุทู ูุฌููุนุฉ ูู ุงูุชูุจููุงุช ูุงูุชูุงุฑูุฑ ุนูู ุณุจูู ุงููุซุงู ูููุณ ุงูุญุตุฑ (ุชูุจููุงุช ุงูุชุดุบูู ูุงูุงุทูุงุก / ุชูุจููุงุช ุชุฌุงูุฒ ุงูุณุฑุนุฉ / ุชูุจููุงุช ููุงุทู ุงูุณูุงุฌ / ุชูุจููุงุช ุงูุนุจุซ ุจุงูููุฑุจุงุก / ุชูุงุฑูุฑ ุงูุฑุญูุงุช / ุชูุงุฑูุฑ ุงุณุชููุงู ุงููููุฏ / ุชูุงุฑูุฑ ุงูุตูุงูุฉ ุงูุฏูุฑูุฉ / ุชูุงุฑูุฑ ูุฒู ุงููุฑูุจุฉ - ุฎุงุต ุจุงูุฑุจุท ุจุงูููุฆุฉ-)', '2024-09-15 21:07:43');

INSERT INTO `sessions` (`id`, `user_id`, `socket_id`, `token`, `device_id`, `device_type`, `app_os`, `app_version`, `ip_address`, `start_time`, `finish_time`) VALUES
(1, 1, 'bOdPnLGyy174dBfcAABU', NULL, NULL, NULL, NULL, NULL, NULL, '2024-09-15 15:25:56', NULL),
(2, 4, 'GX1kByhdylW6rZnTAAA2', NULL, NULL, NULL, NULL, NULL, NULL, '2024-09-15 15:58:34', NULL),
(3, 2, 'WM7W1ODq_OPpS9ssAAAH', NULL, NULL, NULL, NULL, NULL, NULL, '2024-09-15 17:01:54', NULL);


INSERT INTO `labels` (`id`, `name`, `color`, `created`) VALUES
(1, 'ุนููู ุฌุฏูุฏ', '#327ee2', '2024-09-15 16:14:47'),
(2, 'ูุดููุฉ', '#ff0a0a', '2024-09-15 16:15:04'),
(3, 'ุชูุช ุงููุนุงูุฌุฉ', '#007539', '2024-09-15 16:15:17');

INSERT INTO `inbox_results` (`id`, `name`) VALUES
(1, 'ุชู ูุนุงูุฌุฉ ุงูุทูุจ'),
(2, 'ุชู ุชุญููู ุงูุทูุจ'),
(3, 'ุชุฃุฎูุฑ ุจุงูุฑุฏ');

INSERT INTO `groups` (`id`, `name`, `is_default`, `created`) VALUES
(1, 'ุงููู', 1, '2024-09-23 08:11:45');

INSERT INTO `contacts` (`id`, `name`, `phone`, `email`, `group_id`, `contact_import_id`, `created`) VALUES
(1, 'mohamed ahmed', '249123342124', NULL, 1, NULL, '2024-05-09 09:20:34'),
(2, 'yasir', '249123342120', NULL, 1, NULL, '2024-05-09 09:34:53'),
(3, NULL, '249927473106', NULL, 1, NULL, '2024-05-16 01:55:11'),
(4, 'ุนุจุฏุงูููู ุนุซูุงู', '966556824160', 'avl@trackingmaps.sa', 1, NULL, '2024-05-16 03:17:53'),
(5, 'ุนุจุฏุงูููู', '966552168008', 'mlik.osman94@gmail.com', 1, NULL, '2024-09-03 21:34:49'),
(6, 'ุงููุญุงุณุจ ุงููุงูู', '966555090160', NULL, 1, NULL, '2024-09-04 00:45:27'),
(7, '966112892999', '966112892999', NULL, 1, NULL, '2024-09-04 02:42:47'),
(8, NULL, '966555018868', NULL, 1, NULL, '2024-09-05 02:22:24'),
(9, '.', '966554355586', NULL, 1, NULL, '2024-09-05 04:20:42'),
(10, '966920031726', '966920031726', NULL, 1, NULL, '2024-09-06 04:05:54'),
(11, '๐๐๐๐๐๐๐ A ๐๐๐๐๐๐', '966509249009', NULL, 1, NULL, '2024-09-08 02:36:10'),
(12, 'nedal osman', '966575592716', NULL, 1, NULL, '2024-09-08 05:44:03'),
(13, 'MD Shalom', '966509722556', NULL, 1, NULL, '2024-09-09 05:56:00'),
(14, '966920013711', '966920013711', NULL, 1, NULL, '2024-09-11 03:07:17'),
(15, 'Office Tamken', '966553699355', NULL, 1, NULL, '2024-09-12 02:00:20'),
(16, '..', '966578015545', NULL, 1, NULL, '2024-09-12 10:13:08'),
(17, '.', '966501674927', NULL, 1, NULL, '2024-09-12 11:31:37'),
(18, '966920027707', '966920027707', NULL, 1, NULL, '2024-09-13 03:25:54'),
(19, NULL, '966555055425', NULL, 1, NULL, '2024-09-15 23:22:19'),
(20, 'Abdullah Alothman', '966555055425', NULL, 1, NULL, '2024-09-15 23:22:39'),
(21, 'Tazeen Al Zain', '971527956224', NULL, 1, NULL, '2024-09-16 19:04:08'),
(22, '966920017070', '966920017070', NULL, 1, NULL, '2024-09-22 15:14:13'),
(23, '966920009377', '966920009377', NULL, 1, NULL, '2024-09-24 10:46:49'),
(24, '.', '966559752282', NULL, 1, NULL, '2024-09-25 10:36:13'),
(25, 'ูุญูุฏ', '966544770775', NULL, 1, NULL, '2024-09-29 07:39:28'),
(26, 'ูุณู ุงูุงุชุตุงู ุงููุคุณุณู', '966503640444', NULL, 1, NULL, '2024-09-30 07:20:09'),
(27, 'ุฎุงุต', '966560054494', NULL, 1, NULL, '2024-10-01 07:43:19'),
(28, 'ุนุจุฏุงููู ุณุงูู', '966598131984', NULL, 1, NULL, '2024-10-01 13:32:25'),
(29, '9668001169999', '9668001169999', NULL, 1, NULL, '2024-10-03 15:40:47'),
(30, 'ุงุจู ูููุฏ', '966504882965', NULL, 1, NULL, '2024-10-03 19:03:01'),
(31, 'ุญูุฏ ุจุณุทุงูู', '966537814554', NULL, 1, NULL, '2024-10-03 19:45:23'),
(32, 'ูุถุงูู ANB', '966564368588', NULL, 1, NULL, '2024-10-06 14:44:23'),
(33, 'ุดุฑูุฉ ุงููุฑุนุงูู ููุทุน ุบูุงุฑ ุชูููุชุง ุงูุงุตููุฉ', '966553234111', NULL, 1, NULL, '2024-10-07 14:46:40'),
(34, 'Ghada', '966544443767', NULL, 1, NULL, '2024-10-13 10:29:40'),
(35, 'ูุดุนู', '966558854894', NULL, 1, NULL, '2024-10-17 07:39:54'),
(36, 'Ruban R', '966500417638', NULL, 1, NULL, '2024-10-20 06:32:05'),
(37, '966551303515', '966551303515', NULL, 1, NULL, '2024-10-20 15:52:04');

INSERT INTO `contact_notes` (`id`, `contact_id`, `user_id`, `note`, `created`) VALUES
(1, 5, 4, 'ุชุฌุฑุจุฉ ุงููุธุงู ', '2024-09-15 16:12:04'),
(2, 4, 2, 'ุนููู ูููุฒ', '2024-09-15 20:28:32'),
(3, 5, 2, 'ูููุฒ', '2024-09-15 20:29:56'),
(4, 5, 2, 'ุชู ุงูุชุฑููุจ', '2024-09-21 18:30:03'),
(5, 5, 2, 'ุงุณู ุงููุณุชุฎุฏู : 0556824160', '2024-09-21 18:30:19'),
(6, 5, 2, 'ูุฏูู ููุนุฏ ููู 30 -09-2024', '2024-09-21 18:30:37');



INSERT INTO `inboxes` (`id`, `channel_id`, `contact_id`, `assigned`, `status`, `result`, `created`, `updated`) VALUES
(1, 1, 1, 0, 2, 'ุชู ูุนุงูุฌุฉ ุงูุทูุจ', '2024-09-15 18:48:01', '2024-09-17 13:18:16'),
(2, 1, 5, 1, 1, 'ุชู ูุนุงูุฌุฉ ุงูุทูุจ', '2024-09-15 18:57:37', '2024-09-25 14:30:54'),
(3, 1, 4, 0, 2, 'ุชู ูุนุงูุฌุฉ ุงูุทูุจ', '2024-09-15 20:19:18', '2024-10-21 08:01:17'),
(4, 1, 19, 0, 2, 'ุชู ูุนุงูุฌุฉ ุงูุทูุจ', '2024-09-15 23:22:19', '2024-09-15 23:55:44'),
(5, 1, 20, 0, 2, 'ุชู ูุนุงูุฌุฉ ุงูุทูุจ', '2024-09-15 23:22:40', '2024-09-15 23:26:52'),
(6, 1, 21, 0, 2, 'ุชู ูุนุงูุฌุฉ ุงูุทูุจ', '2024-09-16 19:04:08', '2024-09-17 13:10:55'),
(7, 1, 8, 1, 1, 'ุชู ูุนุงูุฌุฉ ุงูุทูุจ', '2024-09-16 21:47:12', '2024-10-22 08:27:24'),
(8, 1, 22, 0, 2, 'ุชู ูุนุงูุฌุฉ ุงูุทูุจ', '2024-09-22 15:14:13', '2024-09-22 17:23:28'),
(9, 1, 23, 0, 2, 'ุชู ูุนุงูุฌุฉ ุงูุทูุจ', '2024-09-24 10:46:49', '2024-09-24 11:04:30'),
(10, 1, 24, 1, 1, NULL, '2024-09-25 10:36:13', '2024-10-15 09:40:33'),
(11, 1, 25, 0, 2, 'ุชู ูุนุงูุฌุฉ ุงูุทูุจ', '2024-09-29 07:39:28', '2024-10-16 13:15:29'),
(12, 1, 26, 0, 2, 'ุชู ูุนุงูุฌุฉ ุงูุทูุจ', '2024-09-30 07:20:09', '2024-10-21 08:04:40'),
(13, 1, 27, 1, 1, NULL, '2024-10-01 07:43:20', '2024-10-15 09:04:19'),
(14, 1, 28, 0, 2, 'ุชู ูุนุงูุฌุฉ ุงูุทูุจ', '2024-10-01 13:32:25', '2024-10-21 07:34:21'),
(15, 1, 18, 0, 2, 'ุชู ูุนุงูุฌุฉ ุงูุทูุจ', '2024-10-02 13:14:40', '2024-10-21 08:02:03'),
(16, 1, 29, 0, 2, 'ุชู ุชุญููู ุงูุทูุจ', '2024-10-03 15:40:47', '2024-10-21 07:33:59'),
(17, 1, 30, 0, 2, 'ุชู ูุนุงูุฌุฉ ุงูุทูุจ', '2024-10-03 19:03:01', '2024-10-17 14:37:20'),
(18, 1, 31, 0, 2, 'ุชู ูุนุงูุฌุฉ ุงูุทูุจ', '2024-10-03 19:45:23', '2024-10-21 08:02:35'),
(19, 1, 10, 0, 2, 'ุชู ูุนุงูุฌุฉ ุงูุทูุจ', '2024-10-04 13:53:55', '2024-10-21 08:01:03'),
(20, 1, 32, 0, 2, 'ุชู ุชุญููู ุงูุทูุจ', '2024-10-06 14:44:23', '2024-10-21 07:32:59'),
(21, 1, 33, 0, 2, 'ุชู ุชุญููู ุงูุทูุจ', '2024-10-07 14:46:40', '2024-10-21 07:33:33'),
(22, 1, 34, 0, 2, 'ุชู ุชุญููู ุงูุทูุจ', '2024-10-13 10:29:40', '2024-10-21 07:32:35'),
(23, 1, 35, 0, 2, 'ุชู ุชุญููู ุงูุทูุจ', '2024-10-17 07:39:54', '2024-10-17 13:30:29'),
(24, 1, 36, 1, 1, NULL, '2024-10-20 06:32:05', '2024-10-21 07:31:54'),
(25, 1, 37, 0, 2, 'ุชู ูุนุงูุฌุฉ ุงูุทูุจ', '2024-10-20 15:52:04', '2024-10-21 07:30:21');



INSERT INTO `inbox_assigned_user` (`id`, `inbox_id`, `user_id`, `status`, `created`) VALUES
(1, 1, 2, 1, '2024-09-15 18:48:58'),
(2, 2, 1, 0, '2024-09-15 18:57:37'),
(3, 3, 2, 1, '2024-09-15 20:19:58'),
(4, 4, 4, 1, '2024-09-15 23:22:19'),
(5, 5, 4, 1, '2024-09-15 23:23:11'),
(6, 6, 2, 1, '2024-09-16 20:51:55'),
(7, 7, 2, 0, '2024-09-16 21:47:12'),
(8, 8, 2, 1, '2024-09-22 16:27:54'),
(9, 9, 2, 1, '2024-09-24 11:02:17'),
(10, 11, 4, 1, '2024-09-29 14:02:20'),
(11, 22, 2, 1, '2024-10-15 06:57:19'),
(12, 21, 2, 1, '2024-10-15 06:58:17'),
(13, 20, 2, 1, '2024-10-15 06:58:28'),
(15, 17, 2, 1, '2024-10-15 07:00:58'),
(16, 18, 2, 1, '2024-10-15 07:03:09'),
(17, 19, 2, 1, '2024-10-15 07:31:13'),
(18, 16, 2, 1, '2024-10-15 07:40:27'),
(19, 14, 2, 1, '2024-10-15 07:48:44'),
(20, 15, 2, 1, '2024-10-15 07:48:53'),
(21, 13, 1, 0, '2024-10-15 09:04:19'),
(22, 12, 1, 1, '2024-10-15 09:39:26'),
(23, 10, 1, 0, '2024-10-15 09:40:33'),
(24, 23, 2, 1, '2024-10-17 08:43:11'),
(25, 24, 2, 0, '2024-10-20 06:32:05'),
(26, 25, 2, 1, '2024-10-21 06:47:11');


INSERT INTO `inbox_labels` (`id`, `inbox_id`, `label_id`, `created`) VALUES
(1, 2, 1, '2024-09-15 19:24:23'),
(2, 2, 2, '2024-09-15 19:24:26'),
(3, 3, 3, '2024-09-15 20:21:33'),
(4, 1, 3, '2024-09-15 20:24:26'),
(5, 5, 3, '2024-09-15 23:25:15'),
(6, 4, 3, '2024-09-15 23:55:28'),
(7, 6, 3, '2024-09-16 20:54:16'),
(9, 8, 3, '2024-09-22 17:23:20'),
(10, 9, 3, '2024-09-24 11:03:27'),
(11, 11, 1, '2024-10-16 13:15:22'),
(12, 23, 1, '2024-10-17 13:30:23'),
(13, 17, 1, '2024-10-17 14:37:04'),
(14, 7, 2, '2024-10-20 12:35:52'),
(15, 25, 2, '2024-10-21 07:30:15'),
(16, 22, 1, '2024-10-21 07:32:22'),
(17, 20, 1, '2024-10-21 07:32:45'),
(18, 21, 1, '2024-10-21 07:33:24'),
(19, 16, 1, '2024-10-21 07:33:53'),
(20, 14, 2, '2024-10-21 07:34:16'),
(23, 19, 1, '2024-10-21 08:00:49'),
(25, 15, 1, '2024-10-21 08:01:58'),
(26, 18, 1, '2024-10-21 08:02:16'),
(27, 12, 1, '2024-10-21 08:04:35'),
(31, 1, 1, '2024-10-21 10:28:40');

INSERT INTO `mentioned_inboxes` (`id`, `mentioned_user_id`, `user_id`, `inbox_id`, `created`) VALUES
(1, 2, 4, 2, '2024-09-15 21:21:24'),
(2, 2, 1, 10, '2024-10-15 11:14:50'),
(3, 2, 2, 10, '2024-10-15 11:14:54'),
(4, 2, 4, 10, '2024-10-15 11:14:57');

INSERT INTO `favorites` (`id`, `inbox_id`, `user_id`) VALUES
(1, 2, 2),
(2, 24, 2),
(3, 7, 2);


INSERT INTO `messages` (`id`, `from_phone`, `inbox_id`, `message_id`, `timestamp`, `message`, `media_link`, `viewed`, `user_id`, `type`) VALUES
(1, '249123342124', 1, 'inset_id', 1726400881858, 'ุชู ุฅูุดุงุก ุงูุชุฐูุฑุฉ ุจูุงุณุทุฉ mohamed ahmed', NULL, 1, NULL, 'inset_id'),
(2, '249123342124', 1, 'wamid.HBgMMjQ5MTIzMzQyMTI0FQIAEhgUM0E0NjIyQ0QyMzJENDEwMDhCREYA', 1726400881952, 'ุณูุงู ุนูููู', NULL, 1, NULL, 'text'),
(3, '249123342124', 1, 'wamid.HBgMMjQ5MTIzMzQyMTI0FQIAEhgUM0FGNDY2RUQ1RDQ0MTQzQ0Y3OUQA', 1726400914404, 'ูุฑุญุจุง', NULL, 1, NULL, 'text'),
(4, '249123342124', 1, 'inset_id', 1726400938345, 'ุชู ุงูุชุนููู ูู Mohamed Ahmed ุจูุงุณุทุฉ Mohamed Ahmed', NULL, 1, 1, 'inset_id'),
(5, '249123342124', 1, 'local_id', 1726400944137, 'ููุชุญุฏุซ ูุน ููุธู ุงูุฏุนู ุงูููู ูุฑุฌู ุงุฎุชูุงุฑ ุจุฏุก ูุญุงุฏุซุฉ', NULL, 1, 1, 'template'),
(6, '249123342124', 1, 'wamid.HBgMMjQ5MTIzMzQyMTI0FQIAEhgUM0E5N0NBNUExRDUxOUE1QjBDNDAA', 1726400950000, 'ุงูุชุญุฏุซ ูุงุญูุง', NULL, 1, NULL, 'button'),
(7, '249123342124', 1, 'local_id', 1726401330850, 'ูููุฉ ุชุฒููุฏ ุงูุฎุฏูุฉ ุนูู ุงูุณูุงุฑุฉ ุงููุงุญุฏุฉ 530 ุฑูุงู ุดุงููุฉ ุงูุถุฑูุจุฉ ุจุงูุฉ ูุงููุฉ ุชุดูู (ุฌูุงุฒ ุชุชุจุน ูุฌุงูุง + ุงุดุชุฑุงู ุณูุฉ ุนูู ููุตุฉ ุงูุชุชุจุน ูุน ุดุฑูุญุฉ ุงูุจูุงูุงุช + ุงูุชุฑููุจ ูุงูุถุฑูุจุฉ) ', NULL, 1, 1, 'text'),
(8, '966556824160', 2, 'inset_id', 1726401457835, 'ุชู ุฅูุดุงุก ุงูุชุฐูุฑุฉ ุจูุงุณุทุฉ ุนุจุฏุงูููู ุนุซูุงู', NULL, 1, NULL, 'inset_id'),
(9, '966556824160', 2, 'inset_id', 1726401457883, 'ุชู ุงูุชุนููู ุจูุงุณุทุฉ ุนุจุฏุงูููู ุนุซูุงู', NULL, 1, NULL, 'inset_id'),
(10, '966556824160', 2, 'local_id', 1726401457911, 'ููุชุญุฏุซ ูุน ููุธู ุงูุฏุนู ุงูููู ูุฑุฌู ุงุฎุชูุงุฑ ุจุฏุก ูุญุงุฏุซุฉ', NULL, 1, 2, 'template'),
(11, '966552168008', 2, 'wamid.HBgMOTY2NTUyMTY4MDA4FQIAEhggRDcxNUJCMUMzNTQ0OUJENUZDMzM5OEM2NDNEOTlFRDYA', 1726401471333, 'ุจุฏุก ุงููุญุงุฏุซุฉ', NULL, 1, NULL, 'button'),
(12, '966556824160', 2, 'local_id', 1726401489259, 'ูุฑุญุจุง ุจู ', NULL, 1, 2, 'text'),
(13, '966552168008', 2, 'wamid.HBgMOTY2NTUyMTY4MDA4FQIAEhggOUI5NzlFQkI4QkRFNUNDNzZFNjc4OTk5NDhFQUZGNDMA', 1726401500381, 'ุงุญุชุงุฌ ุชุชุจุน', NULL, 1, NULL, 'text'),
(14, '966552168008', 2, 'wamid.HBgMOTY2NTUyMTY4MDA4FQIAEhggQTcwMEJEMjZGMkYzOTgwMDUzOTQwMjcwNDNCMDY1QjQA', 1726401665545, 'ุจูู ุงูุณุนุฑ', NULL, 1, NULL, 'text'),
(15, '966555018868', 2, 'inset_id', 1726403063863, 'ุตูู ุนุจุฏุงูุนุฒูุฒ ุงููุญูููุฏ ุงููุญุงุฏุซุฉ ุจู ุนููู ุฌุฏูุฏ', NULL, 1, 4, 'inset_id'),
(16, '966555018868', 2, 'inset_id', 1726403066688, 'ุตูู ุนุจุฏุงูุนุฒูุฒ ุงููุญูููุฏ ุงููุญุงุฏุซุฉ ุจู ูุดููุฉ', NULL, 1, 4, 'inset_id'),
(17, '966555018868', 2, 'inset_id', 1726403079391, 'ุชู ุงูุฅุบูุงู ุจูุงุณุทุฉ ุนุจุฏุงูุนุฒูุฒ ุงููุญูููุฏ', NULL, 1, 4, 'inset_id'),
(18, '249123342124', 1, 'local_id', 1726403141868, 'null', 'public/messages/1726403141846804.ogg', 1, 1, 'audio'),
(19, '249123342124', 2, 'inset_id', 1726403233557, 'ุชู ุฅุนุงุฏุฉ ุงููุชุญ ุจูุงุณุทุฉ Mohamed Ahmed', NULL, 1, 1, 'inset_id'),
(20, '249123342124', 2, 'local_id', 1726403244256, 'null', 'public/messages/1726403244239598.ogg', 1, 1, 'audio'),
(21, '249123342124', 1, 'local_id', 1726403450754, 'null', 'public/messages/1726403450739992.ogg', 1, 1, 'audio'),
(22, '966556824160', 2, 'local_id', 1726404189471, '', 'public/messages/172640418944358.ogg', 1, 2, 'audio'),
(23, '966552168008', 2, 'wamid.HBgMOTY2NTUyMTY4MDA4FQIAEhggNkE4NEU1RUNGNjdFN0MxQzlCOTcwMzA5NkFBRjBEQjYA', 1726404398770, 'ูุฑุญุจุง', NULL, 1, NULL, 'text'),
(24, '966556824160', 2, 'local_id', 1726404498296, 'ุญูุงู ุ ุชูุถู ', NULL, 1, 2, 'text'),
(25, '966552168008', 2, 'wamid.HBgMOTY2NTUyMTY4MDA4FQIAEhggNUVGNkE1OTI3RjY0ODdCQ0M5RjI3ODY0NEZBRTg3NTQA', 1726404510396, 'ุงุญุชุงุฌ ุชุชุจุน', NULL, 1, NULL, 'text'),
(26, '966556824160', 2, 'local_id', 1726404523913, 'ููุณูุงุฑุฉ ', NULL, 1, 2, 'text'),
(27, '966556824160', 2, 'local_id', 1726404531892, 'ูู ุณูุงุฑุฉ ', NULL, 1, 2, 'text'),
(28, '966552168008', 2, 'wamid.HBgMOTY2NTUyMTY4MDA4FQIAEhggQ0QyNTQ4N0VFNDc4MjEwNUMzRDE3NzhDMkMyREZEM0UA', 1726404534776, 'ุณูุงุฑุชูู', NULL, 1, NULL, 'text'),
(29, '966556824160', 2, 'local_id', 1726405281937, 'ูููุฉ ุชุฒููุฏ ุงูุฎุฏูุฉ ุนูู ุงูุณูุงุฑุฉ ุงููุงุญุฏุฉ 530 ุฑูุงู ุดุงููุฉ ุงูุถุฑูุจุฉ ุจุงูุฉ ูุงููุฉ ุชุดูู (ุฌูุงุฒ ุชุชุจุน ูุฌุงูุง + ุงุดุชุฑุงู ุณูุฉ ุนูู ููุตุฉ ุงูุชุชุจุน ูุน ุดุฑูุญุฉ ุงูุจูุงูุงุช + ุงูุชุฑููุจ ูุงูุถุฑูุจุฉ) ', NULL, 1, 2, 'text'),
(30, '966552168008', 2, 'wamid.HBgMOTY2NTUyMTY4MDA4FQIAEhggMUE4MThCOUNFOUM2NjY0MzUwQjczQ0RCNzcxRDQ4OUEA', 1726405316603, 'ุดูุฑุง ูู', NULL, 1, NULL, 'text'),
(31, '966556824160', 3, 'inset_id', 1726406358125, 'ุชู ุฅูุดุงุก ุงูุชุฐูุฑุฉ ุจูุงุณุทุฉ null', NULL, 1, NULL, 'inset_id'),
(32, '966556824160', 3, 'wamid.HBgMOTY2NTU2ODI0MTYwFQIAEhggNENFQTlFOTQ4OTQ1RDU0QTJGNUMzMEVEMjJDRjc1MEYA', 1726406358199, 'ูู ุงูุณุนุฑ', NULL, 1, NULL, 'text'),
(33, '966556824160', 3, 'wamid.HBgMOTY2NTU2ODI0MTYwFQIAEhggNkZFMDM2ODA4QzIwRTU3MTI3MjY4MDU4NTU0RTJEQjEA', 1726406387687, 'ุงุญุชุงุฌ ุฌูุงุฒ ุจูู', NULL, 1, NULL, 'text'),
(34, '966556824160', 3, 'inset_id', 1726406398580, 'ุชู ุงูุชุนููู ูู ุนุจุฏุงูููู ุนุซูุงู ุจูุงุณุทุฉ ุนุจุฏุงูููู ุนุซูุงู', NULL, 1, 2, 'inset_id'),
(35, '966556824160', 3, 'local_id', 1726406413214, 'ุนูููู ุงูุณูุงู ', NULL, 1, 2, 'text'),
(36, '966556824160', 3, 'local_id', 1726406418783, 'ูููุฉ ุชุฒููุฏ ุงูุฎุฏูุฉ ุนูู ุงูุณูุงุฑุฉ ุงููุงุญุฏุฉ 530 ุฑูุงู ุดุงููุฉ ุงูุถุฑูุจุฉ ุจุงูุฉ ูุงููุฉ ุชุดูู (ุฌูุงุฒ ุชุชุจุน ูุฌุงูุง + ุงุดุชุฑุงู ุณูุฉ ุนูู ููุตุฉ ุงูุชุชุจุน ูุน ุดุฑูุญุฉ ุงูุจูุงูุงุช + ุงูุชุฑููุจ ูุงูุถุฑูุจุฉ) ', NULL, 1, 2, 'text'),
(37, '966556824160', 3, 'comment_message_id', 1726406487841, 'ุชูุช ุงูุงุฏุฉ ุงูุนููู ', NULL, 1, 2, 'text'),
(38, '966556824160', 3, 'inset_id', 1726406493741, 'ุตูู ุนุจุฏุงูููู ุนุซูุงู ุงููุญุงุฏุซุฉ ุจู ุชูุช ุงููุนุงูุฌุฉ', NULL, 1, 2, 'inset_id'),
(39, '966556824160', 3, 'inset_id', 1726406503134, 'ุชู ุงูุฅุบูุงู ุจูุงุณุทุฉ ุนุจุฏุงูููู ุนุซูุงู', NULL, 1, 2, 'inset_id'),
(40, '966556824160', 2, 'comment_message_id', 1726406515651, 'ุชู ูุนุงูุฌุฉ ุงูุทูุจ ', NULL, 1, 2, 'text'),
(41, '966556824160', 2, 'inset_id', 1726406522263, 'ุชู ุงูุฅุบูุงู ุจูุงุณุทุฉ ุนุจุฏุงูููู ุนุซูุงู', NULL, 1, 2, 'inset_id'),
(42, '966556824160', 1, 'comment_message_id', 1726406535398, 'ุชู ูุนุงูุฌุฉ ุงูุทูุจ ', NULL, 1, 2, 'text'),
(43, '966556824160', 1, 'inset_id', 1726406666129, 'ุตูู ุนุจุฏุงูููู ุนุซูุงู ุงููุญุงุฏุซุฉ ุจู ุชูุช ุงููุนุงูุฌุฉ', NULL, 1, 2, 'inset_id'),
(44, '966556824160', 1, 'inset_id', 1726406676356, 'ุชู ุงูุฅุบูุงู ุจูุงุณุทุฉ ุนุจุฏุงูููู ุนุซูุงู', NULL, 1, 2, 'inset_id'),
(45, '249123342124', 1, 'inset_id', 1726407332321, 'ุชู ุฅุนุงุฏุฉ ุงููุชุญ ุจูุงุณุทุฉ Mohamed Ahmed', NULL, 1, 1, 'inset_id'),
(46, '249123342124', 1, 'local_id', 1726409308606, 'ุจุฎุตูุต ุฃุฌูุฒุฉ ุงูุชุชุจุน ูุชููุฑุฉ ุนูุฏูุง ุฃุฌูุฒุฉ ุงูุฌูู ุงูุฑุงุจุน :\r\nุงูุฌูุงุฒ ุตุบูุฑ ุจุญุฌู ูู ุงููุฏ ูุชุฑูุจ ุจุดูู ูุฎูู ุฎูู ุงูุฏูููุฑ ุงูุฏุงุฎูู ูููุฑูุจุฉ ูุชุชูุฏุฏ ุชูุตููุงุชู ุนูู ุนูุจุฉ ุงููููุฒุงุช ุจุฏูู ุชูุทูุน ุงู ุชุฌุฑูุญ ุชูุงุฏูุง ูุฅูุบุงุก ุถูุงู ุงูููุฑุจ ุนูู ุงููุฑูุจุฉ, ููุตุฉ ุงูุชุชุจุน ุชุชูุญ ูู ุชุชุจุน ูุจุงุดุฑ ุนูู ุญุฑูุฉ ุงููุฑูุจุฉ ุจุงูุงุถุงูุฉ ุงูู ุญูุธ ุงููุณุงุฑุงุช ุงูููุทูุนุฉ ูุขุฎุฑ 6 ุดููุฑ, ุงูุฌูุงุฒ ูุนุทู ูุฌููุนุฉ ูู ุงูุชูุจููุงุช ูุงูุชูุงุฑูุฑ ุนูู ุณุจูู ุงููุซุงู ูููุณ ุงูุญุตุฑ (ุชูุจููุงุช ุงูุชุดุบูู ูุงูุงุทูุงุก / ุชูุจููุงุช ุชุฌุงูุฒ ุงูุณุฑุนุฉ / ุชูุจููุงุช ููุงุทู ุงูุณูุงุฌ / ุชูุจููุงุช ุงูุนุจุซ ุจุงูููุฑุจุงุก / ุชูุงุฑูุฑ ุงูุฑุญูุงุช / ุชูุงุฑูุฑ ุงุณุชููุงู ุงููููุฏ / ุชูุงุฑูุฑ ุงูุตูุงูุฉ ุงูุฏูุฑูุฉ / ุชูุงุฑูุฑ ูุฒู ุงููุฑูุจุฉ - ุฎุงุต ุจุงูุฑุจุท ุจุงูููุฆุฉ-)', NULL, 1, 1, 'text'),
(47, '966556824160', 1, 'inset_id', 1726409339888, 'ุชู ุงูุฅุบูุงู ุจูุงุณุทุฉ ุนุจุฏุงูููู ุนุซูุงู', NULL, 1, 2, 'inset_id'),
(48, '249123342124', 1, 'inset_id', 1726409341714, 'ุชู ุงูุฅุบูุงู ุจูุงุณุทุฉ Mohamed Ahmed', NULL, 1, 1, 'inset_id'),
(49, '966556824160', 2, 'inset_id', 1726409350509, 'ุชู ุฅุนุงุฏุฉ ุงููุชุญ ุจูุงุณุทุฉ ุนุจุฏุงูููู ุนุซูุงู', NULL, 1, 2, 'inset_id'),
(50, '966556824160', 2, 'local_id', 1726409415644, '', 'public/messages/1726409415606114.opus', 1, 2, 'audio'),
(51, '249123342124', 1, 'inset_id', 1726409576482, 'ุชู ุฅุนุงุฏุฉ ุงููุชุญ ุจูุงุณุทุฉ Mohamed Ahmed', NULL, 1, 1, 'inset_id'),
(52, '966556824160', 2, 'local_id', 1726409589271, 'null', 'public/messages/1726409589256142.ogg', 1, 2, 'audio'),
(53, '249123342124', 1, 'local_id', 1726409589308, 'null', 'public/messages/1726409589292420.opus', 1, 1, 'audio'),
(54, '966556824160', 2, 'local_id', 1726409646187, 'null', 'public/messages/172640964616929.opus', 1, 2, 'audio'),
(55, '966556824160', 2, 'local_id', 1726410938890, 'null', 'public/messages/1726410938872458.aac', 1, 2, 'audio'),
(56, '249123342124', 1, 'inset_id', 1726411446279, 'ุชู ุงูุฅุบูุงู ุจูุงุณุทุฉ Mohamed Ahmed', NULL, 1, 1, 'inset_id'),
(57, '966555018868', 4, 'inset_id', 1726417339893, 'ุชู ุฅูุดุงุก ุงูุชุฐูุฑุฉ ุจูุงุณุทุฉ ุนุจุฏุงูุนุฒูุฒ ุงููุญูููุฏ', NULL, 1, NULL, 'inset_id'),
(58, '966555018868', 4, 'inset_id', 1726417339940, 'ุชู ุงูุชุนููู ุจูุงุณุทุฉ ุนุจุฏุงูุนุฒูุฒ ุงููุญูููุฏ', NULL, 1, NULL, 'inset_id'),
(59, '966555018868', 4, 'local_id', 1726417339967, 'ููุชุญุฏุซ ูุน ููุธู ุงูุฏุนู ุงูููู ูุฑุฌู ุงุฎุชูุงุฑ ุจุฏุก ูุญุงุฏุซุฉ', NULL, 1, 4, 'template'),
(60, '966555055425', 5, 'inset_id', 1726417360026, 'ุชู ุฅูุดุงุก ุงูุชุฐูุฑุฉ ุจูุงุณุทุฉ Abdullah Alothman', NULL, 1, NULL, 'inset_id'),
(61, '966555055425', 5, 'wamid.HBgMOTY2NTU1MDU1NDI1FQIAEhggMDY3MkM2Qzk5RjY4NDBGOUFBRjg3ODlDNjBEOUYyQzkA', 1726417360104, 'ุจุฏุก ุงููุญุงุฏุซุฉ', NULL, 1, NULL, 'button'),
(62, '966555055425', 5, 'wamid.HBgMOTY2NTU1MDU1NDI1FQIAEhggODAwODk3QkMxQjhFODIwQTY4MjY4QTVEMjU3NUE3NUUA', 1726417368417, 'ุงูุณูุงู ุนูููู', NULL, 1, NULL, 'text'),
(63, '966555018868', 5, 'inset_id', 1726417391738, 'ุชู ุงูุชุนููู ูู ุนุจุฏุงูุนุฒูุฒ ุงููุญูููุฏ ุจูุงุณุทุฉ ุนุจุฏุงูุนุฒูุฒ ุงููุญูููุฏ', NULL, 1, 4, 'inset_id'),
(64, '966555018868', 5, 'local_id', 1726417401041, 'ูุฑุญุจุง', NULL, 1, 4, 'text'),
(65, '966555055425', 5, 'wamid.HBgMOTY2NTU1MDU1NDI1FQIAEhggODc5MkMyNTcxQzdCMTQxNTQ0RDQxQzA5MjlEODkwMzMA', 1726417408466, 'ููู ุญุงูู', NULL, 1, NULL, 'text'),
(66, '966555018868', 5, 'local_id', 1726417450507, 'null', 'public/messages/1726417450491149.png', 1, 4, 'image'),
(67, '966555055425', 5, 'wamid.HBgMOTY2NTU1MDU1NDI1FQIAEhggOENERTE4NTQ5OUU2NUYxRDUwMzA5QUREQjIwMjA4NjkA', 1726417496738, '', 'public/messages/513980024572957.jpeg', 1, NULL, 'image'),
(68, '966555018868', 5, 'inset_id', 1726417515403, 'ุตูู ุนุจุฏุงูุนุฒูุฒ ุงููุญูููุฏ ุงููุญุงุฏุซุฉ ุจู ุชูุช ุงููุนุงูุฌุฉ', NULL, 1, 4, 'inset_id'),
(69, '966555018868', 5, 'inset_id', 1726417523259, 'ุชู ุงูุฅุบูุงู ุจูุงุณุทุฉ ุนุจุฏุงูุนุฒูุฒ ุงููุญูููุฏ', NULL, 1, 4, 'inset_id'),
(70, '966555055425', 5, 'inset_id', 1726417538546, 'ุชู ุฅุนุงุฏุฉ ุงููุชุญ ุจูุงุณุทุฉ Abdullah Alothman', NULL, 1, NULL, 'inset_id'),
(71, '966555055425', 5, 'wamid.HBgMOTY2NTU1MDU1NDI1FQIAEhggNEE4M0U2RkFDMDY1OUY0Rjg4MjIzQ0UwQzExMDE4MjEA', 1726417538624, 'ุงูุณูุงู ุนูููู', NULL, 1, NULL, 'text'),
(72, '966555018868', 5, 'inset_id', 1726417552258, 'ุชู ุงูุชุนููู ูู ุนุจุฏุงูุนุฒูุฒ ุงููุญูููุฏ ุจูุงุณุทุฉ ุนุจุฏุงูุนุฒูุฒ ุงููุญูููุฏ', NULL, 1, 4, 'inset_id'),
(73, '966555018868', 5, 'local_id', 1726417562394, 'ูุนูููู ุงูุณูุงู', NULL, 1, 4, 'text'),
(74, '966555018868', 5, 'comment_message_id', 1726417593045, '111', NULL, 1, 4, 'text'),
(75, '966555055425', 5, 'wamid.HBgMOTY2NTU1MDU1NDI1FQIAEhggMDgxRDk4QjVEMDVGMzc3M0VFNTM5NkU0MjJEMDg1NEMA', 1726417600873, 'ุดูุฑุง', NULL, 1, NULL, 'text'),
(76, '966555018868', 5, 'inset_id', 1726417612233, 'ุชู ุงูุฅุบูุงู ุจูุงุณุทุฉ ุนุจุฏุงูุนุฒูุฒ ุงููุญูููุฏ', NULL, 1, 4, 'inset_id'),
(77, '966556824160', 4, 'inset_id', 1726419328745, 'ุตูู ุนุจุฏุงูููู ุนุซูุงู ุงููุญุงุฏุซุฉ ุจู ุชูุช ุงููุนุงูุฌุฉ', NULL, 1, 2, 'inset_id'),
(78, '966556824160', 4, 'inset_id', 1726419344826, 'ุชู ุงูุฅุบูุงู ุจูุงุณุทุฉ ุนุจุฏุงูููู ุนุซูุงู', NULL, 1, 2, 'inset_id'),
(79, '966556824160', 2, 'comment_message_id', 1726419874500, 'ุชูุช ุงููุนุงูุฌุฉ', NULL, 1, 2, 'text'),
(80, '966556824160', 2, 'inset_id', 1726419886628, 'ุชู ุงูุฅุบูุงู ุจูุงุณุทุฉ ุนุจุฏุงูููู ุนุซูุงู', NULL, 1, 2, 'inset_id'),
(81, '966552168008', 2, 'inset_id', 1726467705681, 'ุชู ุฅุนุงุฏุฉ ุงููุชุญ ุจูุงุณุทุฉ ุนุจุฏุงูููู', NULL, 1, NULL, 'inset_id'),
(82, '966552168008', 2, 'wamid.HBgMOTY2NTUyMTY4MDA4FQIAEhggN0MzMjIwOUVFQjNBRjEwMjU4RkEwRUU5RUY0MUE1ODQA', 1726467705771, 'ุงูุณูุงู ุนูููู ูุฑุญูุฉ ุงููู', NULL, 1, NULL, 'text'),
(83, '966552168008', 2, 'wamid.HBgMOTY2NTUyMTY4MDA4FQIAEhggQ0U4QjI0RTZDRUY5OEM5QjhFRDZFOTBENzZGRDUwNTcA', 1726467721860, 'ููู ุงูุญุงู', NULL, 1, NULL, 'text'),
(84, '966552168008', 2, 'wamid.HBgMOTY2NTUyMTY4MDA4FQIAEhggRUE1NUEwQTlBQjQ5MURGNTEwNThDMkExRDY4MEFCQ0MA', 1726467731032, 'ุงุญุชุงุฌ ุชุชุจุน', NULL, 1, NULL, 'text'),
(85, '966556824160', 2, 'inset_id', 1726467744342, 'ุชู ุฅุนุงุฏุฉ ุงููุชุญ ุจูุงุณุทุฉ ุนุจุฏุงูููู ุนุซูุงู', NULL, 1, 2, 'inset_id'),
(86, '966556824160', 2, 'local_id', 1726467751344, 'ุชูุงู ', NULL, 1, 2, 'text'),
(87, '966556824160', 2, 'local_id', 1726467790489, '', 'public/messages/17264677904735.jpg', 1, 2, 'image'),
(88, '966552168008', 2, 'wamid.HBgMOTY2NTUyMTY4MDA4FQIAEhggRTc4NzA1MUQ2RjNERDAyMDQ0RTUyMTVBMkRDOTVENjIA', 1726467812015, '', 'public/messages/3046784122128370.jpeg', 1, NULL, 'image'),
(89, '966556824160', 2, 'comment_message_id', 1726467858426, 'ุชู ', NULL, 1, 2, 'text'),
(90, '966556824160', 2, 'inset_id', 1726467883075, 'ุชู ุงูุฅุบูุงู ุจูุงุณุทุฉ ุนุจุฏุงูููู ุนุซูุงู', NULL, 1, 2, 'inset_id'),
(91, '966556824160', 2, 'inset_id', 1726468308635, 'ุชู ุฅุนุงุฏุฉ ุงููุชุญ ุจูุงุณุทุฉ ุนุจุฏุงูููู ุนุซูุงู', NULL, 1, 2, 'inset_id'),
(92, '966552168008', 2, 'wamid.HBgMOTY2NTUyMTY4MDA4FQIAEhggNTkxREIwQTU2ODk2RTI4RjA2NzFCRTdCRUJDRUMzQTEA', 1726471668124, 'Hi', NULL, 1, NULL, 'text'),
(93, '966556824160', 2, 'local_id', 1726471692508, 'yes', NULL, 1, 2, 'text'),
(94, '966556824160', 2, 'local_id', 1726473171553, 'hi', NULL, 1, 2, 'text'),
(95, '966556824160', 2, 'local_id', 1726473180223, 'i need avl logo', NULL, 1, 2, 'text'),
(96, '966556824160', 2, 'local_id', 1726473781478, 'logo send here', NULL, 1, 2, 'text'),
(97, '966556824160', 2, 'local_id', 1726473788983, 'i will download', NULL, 1, 2, 'text'),
(98, '966556824160', 3, 'inset_id', 1726473860121, 'ุชู ุฅุนุงุฏุฉ ุงููุชุญ ุจูุงุณุทุฉ ุนุจุฏุงูููู ุนุซูุงู', NULL, 1, NULL, 'inset_id'),
(99, '966556824160', 3, 'wamid.HBgMOTY2NTU2ODI0MTYwFQIAEhggQUFBNkFEMUVCMDdFRjg2RTZCN0I1NDM4M0IwMTc5NzAA', 1726473860879, '', 'public/messages/888295023202103.png', 1, NULL, 'document'),
(100, '966556824160', 2, 'inset_id', 1726475969059, 'ุชู ุงูุชุนููู ูู Mohamed Ahmed ุจูุงุณุทุฉ ุนุจุฏุงูููู ุนุซูุงู', NULL, 1, 2, 'inset_id'),
(101, '966556824160', 3, 'comment_message_id', 1726475981190, 'ุชู ', NULL, 1, 2, 'text'),
(102, '966556824160', 3, 'inset_id', 1726475987679, 'ุชู ุงูุชุนููู ูู ุนุจุฏุงูููู ุนุซูุงู ุจูุงุณุทุฉ ุนุจุฏุงูููู ุนุซูุงู', NULL, 1, 2, 'inset_id'),
(103, '966556824160', 3, 'inset_id', 1726475995609, 'ุชู ุงูุฅุบูุงู ุจูุงุณุทุฉ ุนุจุฏุงูููู ุนุซูุงู', NULL, 1, 2, 'inset_id'),
(104, '966552168008', 2, 'wamid.HBgMOTY2NTUyMTY4MDA4FQIAEhggNjY5MzVDNDM0RjMxNDVFQjgwQzhGRDMyQ0FBRUVFRjYA', 1726476036582, 'Ok done', NULL, 1, NULL, 'text'),
(105, '971527956224', 6, 'inset_id', 1726488248673, 'ุชู ุฅูุดุงุก ุงูุชุฐูุฑุฉ ุจูุงุณุทุฉ Tazeen Al Zain', NULL, 1, NULL, 'inset_id'),
(106, '971527956224', 6, 'wamid.HBgMOTcxNTI3OTU2MjI0FQIAEhgWM0VCMEUwNzM0QjIzRTU0MjRBRDUxOQA=', 1726488248764, 'Hello! Are you the tour guide Ahmed?', NULL, 1, NULL, 'text'),
(107, '971527956224', 6, 'wamid.HBgMOTcxNTI3OTU2MjI0FQIAEhgWM0VCMEM5QTQxMUVEMEQ5N0Q3QzNGNgA=', 1726488394738, '?', NULL, 1, NULL, 'text'),
(108, '966556824160', 2, 'local_id', 1726493554391, 'https://drive.google.com/file/d/13eEYr-hI4wLPXG72S8PcV2U0YgLBMIP3/view?usp=sharing', NULL, 1, 2, 'text'),
(109, '966556824160', 6, 'inset_id', 1726494715174, 'ุชู ุงูุชุนููู ูู ุนุจุฏุงูููู ุนุซูุงู ุจูุงุณุทุฉ ุนุจุฏุงูููู ุนุซูุงู', NULL, 1, 2, 'inset_id'),
(110, '966556824160', 6, 'local_id', 1726494772537, 'Hello ,  No sorry , actually this is tracking maps , we povide tracking vehicles services', NULL, 1, 2, 'text'),
(111, '966556824160', 6, 'comment_message_id', 1726494847685, 'ุชู ุงูุงุฏุฉ ุงููุฑุณู ', NULL, 1, 2, 'text'),
(112, '966556824160', 6, 'inset_id', 1726494856102, 'ุตูู ุนุจุฏุงูููู ุนุซูุงู ุงููุญุงุฏุซุฉ ุจู ุชูุช ุงููุนุงูุฌุฉ', NULL, 1, 2, 'inset_id'),
(113, '966556824160', 6, 'inset_id', 1726494862320, 'ุชู ุงูุฅุบูุงู ุจูุงุณุทุฉ ุนุจุฏุงูููู ุนุซูุงู', NULL, 1, 2, 'inset_id'),
(114, '966555018868', 7, 'inset_id', 1726498032255, 'ุชู ุฅูุดุงุก ุงูุชุฐูุฑุฉ ุจูุงุณุทุฉ ุนุจุฏุงูุนุฒูุฒ ุงููุญูููุฏ', NULL, 1, NULL, 'inset_id'),
(115, '966555018868', 7, 'inset_id', 1726498032311, 'ุชู ุงูุชุนููู ุจูุงุณุทุฉ ุนุจุฏุงูุนุฒูุฒ ุงููุญูููุฏ', NULL, 1, NULL, 'inset_id'),
(116, '966555018868', 7, 'local_id', 1726498032347, '911', NULL, 1, 4, 'text'),
(117, '966555018868', 7, 'wamid.HBgMOTY2NTU1MDE4ODY4FQIAEhgUM0FEMDJFNTI2QkFGRUM5MkMyREMA', 1726498165195, '', 'public/messages/846924864299092.webp', 1, NULL, 'sticker'),
(118, '971527956224', 6, 'inset_id', 1726498464685, 'ุชู ุฅุนุงุฏุฉ ุงููุชุญ ุจูุงุณุทุฉ Tazeen Al Zain', NULL, 1, NULL, 'inset_id'),
(119, '971527956224', 6, 'wamid.HBgMOTcxNTI3OTU2MjI0FQIAEhgWM0VCMDgxQkM5QThDNDE4QzdFMEFDNwA=', 1726498464771, 'Oh no, Iโm so sorry! It looks like I did reach out to the wrong person. I hope this hasnโt affected your mood. ๐', NULL, 1, NULL, 'text'),
(120, '249123342124', 1, 'inset_id', 1726501673889, 'ุชู ุฅุนุงุฏุฉ ุงููุชุญ ุจูุงุณุทุฉ mohamed ahmed', NULL, 1, NULL, 'inset_id'),
(121, '249123342124', 1, 'wamid.HBgMMjQ5MTIzMzQyMTI0FQIAEhgUM0E2NTY5OEU2MkFCMkYzRTUyRTUA', 1726501673979, 'Ok', NULL, 1, NULL, 'text'),
(122, '966556824160', 2, 'local_id', 1726553179571, 'ูุฑุญุจุง', NULL, 1, 2, 'text'),
(123, '966552168008', 2, 'wamid.HBgMOTY2NTUyMTY4MDA4FQIAEhggNzg5NTgzMjY5OUY2N0E4MEI4MUYyM0VFQkM4QUE2QTUA', 1726553212603, 'ููุง ุจูู', NULL, 1, NULL, 'text'),
(124, '966552168008', 2, 'wamid.HBgMOTY2NTUyMTY4MDA4FQIAEhggRDA4NUZENzM5MEY2MzQyQTJBNkIxNkIzMTdCRkQ0N0YA', 1726553257840, 'ุฑุจุทุช ุงูุณูุงุฑุฉุ', NULL, 1, NULL, 'text'),
(125, '966556824160', 2, 'local_id', 1726553273975, 'ูุนู', NULL, 1, 2, 'text'),
(126, '966552168008', 2, 'wamid.HBgMOTY2NTUyMTY4MDA4FQIAEhggQzgyNjIwMENCMTVGMDQ5M0JBNURGRjYxRkE0ODIzMjgA', 1726553282060, 'ุดูุฑุง ูู', NULL, 1, NULL, 'text'),
(127, '966556824160', 2, 'comment_message_id', 1726553391630, 'ุชู ุงููุฑุจุท', NULL, 1, 2, 'text'),
(128, '966556824160', 2, 'inset_id', 1726553399956, 'ุชู ุงูุฅุบูุงู ุจูุงุณุทุฉ ุนุจุฏุงูููู ุนุซูุงู', NULL, 1, 2, 'inset_id'),
(129, '966556824160', 6, 'comment_message_id', 1726553437672, 'ุงุฑุณู ุจุงูุฎุทุฃ', NULL, 1, 2, 'text'),
(130, '966556824160', 6, 'inset_id', 1726553445312, 'ุชู ุงูุชุนููู ูู ุนุจุฏุงูููู ุนุซูุงู ุจูุงุณุทุฉ ุนุจุฏุงูููู ุนุซูุงู', NULL, 1, 2, 'inset_id'),
(131, '966556824160', 6, 'inset_id', 1726553455278, 'ุชู ุงูุฅุบูุงู ุจูุงุณุทุฉ ุนุจุฏุงูููู ุนุซูุงู', NULL, 1, 2, 'inset_id'),
(132, '966556824160', 1, 'inset_id', 1726553484625, 'ุชู ุงูุชุนููู ูู ุนุจุฏุงูููู ุนุซูุงู ุจูุงุณุทุฉ ุนุจุฏุงูููู ุนุซูุงู', NULL, 1, 2, 'inset_id'),
(133, '966556824160', 1, 'comment_message_id', 1726553881324, 'ุชู', NULL, 1, 2, 'text'),
(134, '966556824160', 1, 'inset_id', 1726553896131, 'ุชู ุงูุฅุบูุงู ุจูุงุณุทุฉ ุนุจุฏุงูููู ุนุซูุงู', NULL, 1, 2, 'inset_id'),
(135, '966556824160', 3, 'inset_id', 1726563434613, 'ุชู ุฅุนุงุฏุฉ ุงููุชุญ ุจูุงุณุทุฉ ุนุจุฏุงูููู ุนุซูุงู', NULL, 1, NULL, 'inset_id'),
(136, '966556824160', 3, 'wamid.HBgMOTY2NTU2ODI0MTYwFQIAEhggQjcxOEZEREU1NzE1MkFFREYxQjgzQTNDMTkzRUE1RUUA', 1726563435312, '', 'public/messages/508694981899814.jpeg', 1, NULL, 'image'),
(137, '966556824160', 3, 'wamid.HBgMOTY2NTU2ODI0MTYwFQIAEhggRDc0RUY1QTE5OENFNjE0NDNFODE3RUEwMDE5NUZDQUEA', 1726563435585, '', 'public/messages/1458658934851897.jpeg', 1, NULL, 'image'),
(138, '966556824160', 3, 'wamid.HBgMOTY2NTU2ODI0MTYwFQIAEhggNjgzQjYwRDQzN0VBMjNDQjZBMTU5M0I5NTIyRjYzN0YA', 1726563435655, '', 'public/messages/8623696954327545.jpeg', 1, NULL, 'image'),
(139, '966556824160', 3, 'wamid.HBgMOTY2NTU2ODI0MTYwFQIAEhggNTRCMDA5RUM4QTM4M0VGOENENzg1QzZDRjJBODREOUEA', 1726563436495, '', 'public/messages/510733338260093.jpeg', 1, NULL, 'image'),
(140, '966556824160', 3, 'wamid.HBgMOTY2NTU2ODI0MTYwFQIAEhggRDRCMjlFRDY4MTk5NkEwNUJFQjhFQjcwMkQ2ODZGOUEA', 1726563436670, '', 'public/messages/1602795937283754.jpeg', 1, NULL, 'image'),
(141, '966556824160', 3, 'wamid.HBgMOTY2NTU2ODI0MTYwFQIAEhggNTIzNTQzREFFRThFOEI3ODcyMDNEQ0RFNDhBM0EwRjUA', 1726563436801, '', 'public/messages/2444154979125408.jpeg', 1, NULL, 'image'),
(142, '966556824160', 3, 'wamid.HBgMOTY2NTU2ODI0MTYwFQIAEhggODVBNjU3QTBFNTA4NTU5Q0E1NjZENUVDRkI1Rjg1MTEA', 1726563436991, '', 'public/messages/822269333452520.jpeg', 1, NULL, 'image'),
(143, '966556824160', 3, 'wamid.HBgMOTY2NTU2ODI0MTYwFQIAEhggMjI2RUE1RjhDMUNDQTk5QUVCQTMyMjM1MDY4RkRGRUUA', 1726563437310, '', 'public/messages/540835645276498.jpeg', 1, NULL, 'image'),
(144, '966556824160', 3, 'wamid.HBgMOTY2NTU2ODI0MTYwFQIAEhggQzQ3MzI3MzEyNENCQzc1QUNFNkExQTM4NTRGODIzRUUA', 1726563437623, '', 'public/messages/977757980821405.jpeg', 1, NULL, 'image'),
(145, '966556824160', 3, 'wamid.HBgMOTY2NTU2ODI0MTYwFQIAEhggQUI3MTk3NjUwMzIzQUQzQzc3RTVERkNEQjQ3NTM3REIA', 1726563437960, '', 'public/messages/418641687497495.jpeg', 1, NULL, 'image'),
(146, '966556824160', 3, 'wamid.HBgMOTY2NTU2ODI0MTYwFQIAEhggQTQzQzQ5RTVBQ0IwN0ZFMDZFNkM5N0ZBNDlGQTcxMTgA', 1726563438327, '', 'public/messages/1062858222032848.jpeg', 1, NULL, 'image'),
(147, '966556824160', 3, 'wamid.HBgMOTY2NTU2ODI0MTYwFQIAEhggMEJEQzZBQzQ4RkQzMkQyNkE5RUEzQTE0NzVEOTZBRjMA', 1726563438842, '', 'public/messages/500119049446474.jpeg', 1, NULL, 'image'),
(148, '966556824160', 3, 'comment_message_id', 1726563468922, 'done', NULL, 1, 2, 'text'),
(149, '966556824160', 3, 'inset_id', 1726644766798, 'ุชู ุงูุชุนููู ูู ุนุจุฏุงูููู ุนุซูุงู ุจูุงุณุทุฉ ุนุจุฏุงูููู ุนุซูุงู', NULL, 1, 2, 'inset_id'),
(150, '966556824160', 3, 'local_id', 1726644790940, 'null', 'public/messages/1726644790903260.jpeg', 1, 2, 'image'),
(151, '966556824160', 3, 'local_id', 1726644811677, 'null', 'public/messages/1726644811647153.jpeg', 1, 2, 'image'),
(152, '966556824160', 3, 'local_id', 1726649239188, 'C:\\Users\\DELL\\StudioProjects\\trackingmapsbus\\build\\app\\outputs\\flutter-apk', NULL, 1, 2, 'text'),
(153, '966556824160', 7, 'inset_id', 1726651554821, 'ุตูู ุนุจุฏุงูููู ุนุซูุงู ุงููุญุงุฏุซุฉ ุจู ุชูุช ุงููุนุงูุฌุฉ', NULL, 1, 2, 'inset_id'),
(154, '966556824160', 7, 'inset_id', 1726651558700, 'ุชู ุงูุฅุบูุงู ุจูุงุณุทุฉ ุนุจุฏุงูููู ุนุซูุงู', NULL, 1, 2, 'inset_id'),
(155, '966556824160', 3, 'wamid.HBgMOTY2NTU2ODI0MTYwFQIAEhgWM0VCMDkwOTMwNEE4NkUzMTU3MzUwQwA=', 1726665647732, 'http://192.168.68.103:8000/api/company/2', NULL, 1, NULL, 'text'),
(156, '966556824160', 3, 'local_id', 1726666659511, 'bro keep on the laptop', NULL, 1, 2, 'text'),
(157, '966556824160', 3, 'local_id', 1726729858583, 'https://www.youtube.com/watch?v=EJq_JHk2d9A&list=PLSOI1xClksi-GT-Nv8TWGxgDseTxTxa9U', NULL, 1, 2, 'text'),
(158, '966556824160', 3, 'wamid.HBgMOTY2NTU2ODI0MTYwFQIAEhggRDFERTcwRjY0QzZDMUM5QjQ3ODgyOEU0QTRGODUyRDUA', 1726909075023, 'ูุฑุญุจุง', NULL, 1, NULL, 'text'),
(159, '966556824160', 3, 'wamid.HBgMOTY2NTU2ODI0MTYwFQIAEhggRjBGNzFDMEU4NEYyNjMxOUY2NzcxMDcwODVEMDc3N0EA', 1726909085130, 'ููู ุงูุญุงู', NULL, 1, NULL, 'text'),
(160, '966556824160', 3, 'local_id', 1726909118362, 'ูุฑุญุจุง', NULL, 1, 2, 'text'),
(161, '966556824160', 3, 'wamid.HBgMOTY2NTU2ODI0MTYwFQIAEhggMTYzN0ZFQkMxRkE2MTk3QzM0QjNCMjM3NzA1NjU0QjgA', 1726909165479, 'ูู ุงูุณุนุฑ', NULL, 1, NULL, 'text'),
(162, '966556824160', 3, 'wamid.HBgMOTY2NTU2ODI0MTYwFQIAEhggNkI3NkEzQjc0NzA2Rjg5RjM2NTBDRENEMDU0NTUyMDkA', 1726909179463, 'ุฏููุง', NULL, 1, NULL, 'text'),
(163, '966556824160', 3, 'wamid.HBgMOTY2NTU2ODI0MTYwFQIAEhggMDgzNTUwNTMyMzUyMEI5OTc3RUZBMDgxNjhGOTFCRTkA', 1726909197193, 'ูุน ุงูุฑุจุท', NULL, 1, NULL, 'text'),
(164, '966556824160', 3, 'local_id', 1726909218054, 'ูููุฉ ุชุฒููุฏ ุงูุฎุฏูุฉ ุนูู ุงูุณูุงุฑุฉ ุงููุงุญุฏุฉ 530 ุฑูุงู ุดุงููุฉ ุงูุถุฑูุจุฉ ุจุงูุฉ ูุงููุฉ ุชุดูู (ุฌูุงุฒ ุชุชุจุน ูุฌุงูุง + ุงุดุชุฑุงู ุณูุฉ ุนูู ููุตุฉ ุงูุชุชุจุน ูุน ุดุฑูุญุฉ ุงูุจูุงูุงุช + ุงูุชุฑููุจ ูุงูุถุฑูุจุฉ) ', NULL, 1, 2, 'text'),
(165, '966556824160', 3, 'comment_message_id', 1726909246651, 'ุชูุช ุงูุงูุงุฏุฉ', NULL, 1, 2, 'text'),
(166, '966556824160', 3, 'inset_id', 1726909253123, 'ุชู ุงูุฅุบูุงู ุจูุงุณุทุฉ ุนุจุฏุงูููู ุนุซูุงู', NULL, 1, 2, 'inset_id'),
(167, '966556824160', 2, 'inset_id', 1726985613216, 'ุชู ุฅุนุงุฏุฉ ุงููุชุญ ุจูุงุณุทุฉ ุนุจุฏุงูููู ุนุซูุงู', NULL, 1, 2, 'inset_id'),
(168, '966920017070', 8, 'inset_id', 1726992853417, 'ุชู ุฅูุดุงุก ุงูุชุฐูุฑุฉ ุจูุงุณุทุฉ 966920017070', NULL, 1, NULL, 'inset_id'),
(169, '966920017070', 8, 'wamid.HBgMOTY2OTIwMDE3MDcwFQIAEhgSRDgzMjZBMjZENjRBMDk4OTc5AA==', 1726992853517, '', NULL, 1, NULL, 'unsupported'),
(170, '966556824160', 8, 'inset_id', 1726997274213, 'ุชู ุงูุชุนููู ูู ุนุจุฏุงูููู ุนุซูุงู ุจูุงุณุทุฉ ุนุจุฏุงูููู ุนุซูุงู', NULL, 1, 2, 'inset_id'),
(171, '966556824160', 2, 'inset_id', 1727000270218, 'ุชู ุงูุฅุบูุงู ุจูุงุณุทุฉ ุนุจุฏุงูููู ุนุซูุงู', NULL, 1, 2, 'inset_id'),
(172, '966556824160', 8, 'inset_id', 1727000600988, 'ุตูู ุนุจุฏุงูููู ุนุซูุงู ุงููุญุงุฏุซุฉ ุจู ุชูุช ุงููุนุงูุฌุฉ', NULL, 1, 2, 'inset_id'),
(173, '966556824160', 8, 'inset_id', 1727000608518, 'ุชู ุงูุฅุบูุงู ุจูุงุณุทุฉ ุนุจุฏุงูููู ุนุซูุงู', NULL, 1, 2, 'inset_id'),
(174, '966556824160', 3, 'inset_id', 1727004516528, 'ุชู ุฅุนุงุฏุฉ ุงููุชุญ ุจูุงุณุทุฉ ุนุจุฏุงูููู ุนุซูุงู', NULL, 1, NULL, 'inset_id'),
(175, '966556824160', 3, 'wamid.HBgMOTY2NTU2ODI0MTYwFQIAEhggOERGRjU4MDVBNjYxMTBCODJBQUYwRUE5REZBRjIyQ0QA', 1727004516607, 'Hi', NULL, 1, NULL, 'text'),
(176, '966556824160', 3, 'inset_id', 1727004532574, 'ุชู ุงูุชุนููู ูู ุนุจุฏุงูููู ุนุซูุงู ุจูุงุณุทุฉ ุนุจุฏุงูููู ุนุซูุงู', NULL, 1, 2, 'inset_id'),
(177, '966556824160', 3, 'local_id', 1727004534825, 'avlruban793@gmail.com', NULL, 1, 2, 'text'),
(178, '966556824160', 3, 'wamid.HBgMOTY2NTU2ODI0MTYwFQIAEhggMzM0ODI5MjRCMUVGNTgxN0U2MTRBODdERTQyODc2RDQA', 1727004541447, '', NULL, 1, NULL, 'reaction'),
(179, '966556824160', 3, 'comment_message_id', 1727008770168, 'ุชู ', NULL, 1, 2, 'text'),
(180, '966556824160', 3, 'inset_id', 1727008779193, 'ุชู ุงูุฅุบูุงู ุจูุงุณุทุฉ ุนุจุฏุงูููู ุนุซูุงู', NULL, 1, 2, 'inset_id'),
(181, '966556824160', 2, 'inset_id', 1727010161359, 'ุชู ุฅุนุงุฏุฉ ุงููุชุญ ุจูุงุณุทุฉ ุนุจุฏุงูููู ุนุซูุงู', NULL, 1, 2, 'inset_id'),
(182, '966556824160', 2, 'inset_id', 1727016944192, 'ุชู ุงูุฅุบูุงู ุจูุงุณุทุฉ ุนุจุฏุงูููู ุนุซูุงู', NULL, 1, 2, 'inset_id'),
(183, '966556824160', 3, 'inset_id', 1727115464042, 'ุชู ุฅุนุงุฏุฉ ุงููุชุญ ุจูุงุณุทุฉ ุนุจุฏุงูููู ุนุซูุงู', NULL, 1, NULL, 'inset_id'),
(184, '966556824160', 3, 'wamid.HBgMOTY2NTU2ODI0MTYwFQIAEhggMkJCMDEzNjQzMjI3QTBBNDU3NkRBQTMwOEYxNDFCMTIA', 1727115464136, 'ุจุฏุก ุงููุญุงุฏุซุฉ', NULL, 1, NULL, 'button'),
(185, '966556824160', 3, 'inset_id', 1727119759915, 'ุชู ุงูุชุนููู ูู ุนุจุฏุงูููู ุนุซูุงู ุจูุงุณุทุฉ ุนุจุฏุงูููู ุนุซูุงู', NULL, 1, 2, 'inset_id'),
(186, '966556824160', 3, 'local_id', 1727119770142, 'ููู ุญุงูู', NULL, 1, 2, 'text'),
(187, '966556824160', 3, 'local_id', 1727119777530, 'ููู ุญุงูู', NULL, 1, 2, 'text'),
(188, '966556824160', 3, 'wamid.HBgMOTY2NTU2ODI0MTYwFQIAEhggMjdBNjQ3QUY5QURFRUZBRTdDMEY1QkNBRTJFMTE1QzQA', 1727119787410, 'ุจุฎูุฑ ุงูุญูุฏ ููู', NULL, 1, NULL, 'text'),
(189, '966556824160', 3, 'comment_message_id', 1727119805225, 'ุชู', NULL, 1, 2, 'text'),
(190, '966556824160', 3, 'inset_id', 1727119854125, 'ุชู ุงูุฅุบูุงู ุจูุงุณุทุฉ ุนุจุฏุงูููู ุนุซูุงู', NULL, 1, 2, 'inset_id'),
(191, '966920009377', 9, 'inset_id', 1727174809094, 'ุชู ุฅูุดุงุก ุงูุชุฐูุฑุฉ ุจูุงุณุทุฉ 966920009377', NULL, 1, NULL, 'inset_id'),
(192, '966920009377', 9, 'wamid.HBgMOTY2OTIwMDA5Mzc3FQIAEhgSQjgzQUEwNkU1NzgzQzIzMEQzAA==', 1727174809195, '', NULL, 1, NULL, 'unsupported'),
(193, '966556824160', 9, 'inset_id', 1727175737588, 'ุชู ุงูุชุนููู ูู ุนุจุฏุงูููู ุนุซูุงู ุจูุงุณุทุฉ ุนุจุฏุงูููู ุนุซูุงู', NULL, 1, 2, 'inset_id'),
(194, '966556824160', 9, 'local_id', 1727175775242, 'ุชูุถู ููู ุงูุฏุฑ ุงุณุงุนุฏู ', NULL, 1, 2, 'text'),
(195, '966920009377', 9, 'wamid.HBgMOTY2OTIwMDA5Mzc3FQIAEhgSMUJFRjlCNzY0Mjk1NEZFRTBDAA==', 1727175780203, 'My apologies dear customer, kindly choose one of the options from the list below', NULL, 1, NULL, 'text'),
(196, '966556824160', 9, 'comment_message_id', 1727175800614, 'ูุฑุณู ุจุงูุฎุทุฃ ', NULL, 1, 2, 'text'),
(197, '966556824160', 9, 'inset_id', 1727175807849, 'ุตูู ุนุจุฏุงูููู ุนุซูุงู ุงููุญุงุฏุซุฉ ุจู ุชูุช ุงููุนุงูุฌุฉ', NULL, 1, 2, 'inset_id'),
(198, '966556824160', 9, 'inset_id', 1727175870378, 'ุชู ุงูุฅุบูุงู ุจูุงุณุทุฉ ุนุจุฏุงูููู ุนุซูุงู', NULL, 1, 2, 'inset_id'),
(199, '966556824160', 2, 'inset_id', 1727176963532, 'ุชู ุฅุนุงุฏุฉ ุงููุชุญ ุจูุงุณุทุฉ ุนุจุฏุงูููู ุนุซูุงู', NULL, 1, 2, 'inset_id'),
(200, '966552168008', 2, 'wamid.HBgMOTY2NTUyMTY4MDA4FQIAEhggN0I2OEUwMjNBMUE3RDNGMDQ5OTgwMEFDMDJBQTU3ODUA', 1727177068424, 'ุงูุชุญุฏุซ ูุงุญูุง', NULL, 1, NULL, 'button'),
(201, '966556824160', 2, 'local_id', 1727177097498, 'ุชูุถู ', NULL, 1, 2, 'text'),
(202, '966552168008', 2, 'wamid.HBgMOTY2NTUyMTY4MDA4FQIAEhggNDgyNzc1NjEzQ0JCQzc2RTAzNThERTVCMkFCMzM4N0UA', 1727177165815, 'ุจูู', NULL, 1, NULL, 'text'),
(203, '966552168008', 2, 'wamid.HBgMOTY2NTUyMTY4MDA4FQIAEhggNDlCODkxRjkyM0I1QUQwNDVBRTIwNjJBOTJEOTMyQ0YA', 1727177170505, 'ุจูู', NULL, 1, NULL, 'text'),
(204, '966556824160', 2, 'local_id', 1727177183235, 'ุจุฎุตูุต ุฃุฌูุฒุฉ ุงูุชุชุจุน ูุชููุฑุฉ ุนูุฏูุง ุฃุฌูุฒุฉ ุงูุฌูู ุงูุฑุงุจุน :\r\nุงูุฌูุงุฒ ุตุบูุฑ ุจุญุฌู ูู ุงููุฏ ูุชุฑูุจ ุจุดูู ูุฎูู ุฎูู ุงูุฏูููุฑ ุงูุฏุงุฎูู ูููุฑูุจุฉ ูุชุชูุฏุฏ ุชูุตููุงุชู ุนูู ุนูุจุฉ ุงููููุฒุงุช ุจุฏูู ุชูุทูุน ุงู ุชุฌุฑูุญ ุชูุงุฏูุง ูุฅูุบุงุก ุถูุงู ุงูููุฑุจ ุนูู ุงููุฑูุจุฉ, ููุตุฉ ุงูุชุชุจุน ุชุชูุญ ูู ุชุชุจุน ูุจุงุดุฑ ุนูู ุญุฑูุฉ ุงููุฑูุจุฉ ุจุงูุงุถุงูุฉ ุงูู ุญูุธ ุงููุณุงุฑุงุช ุงูููุทูุนุฉ ูุขุฎุฑ 6 ุดููุฑ, ุงูุฌูุงุฒ ูุนุทู ูุฌููุนุฉ ูู ุงูุชูุจููุงุช ูุงูุชูุงุฑูุฑ ุนูู ุณุจูู ุงููุซุงู ูููุณ ุงูุญุตุฑ (ุชูุจููุงุช ุงูุชุดุบูู ูุงูุงุทูุงุก / ุชูุจููุงุช ุชุฌุงูุฒ ุงูุณุฑุนุฉ / ุชูุจููุงุช ููุงุทู ุงูุณูุงุฌ / ุชูุจููุงุช ุงูุนุจุซ ุจุงูููุฑุจุงุก / ุชูุงุฑูุฑ ุงูุฑุญูุงุช / ุชูุงุฑูุฑ ุงุณุชููุงู ุงููููุฏ / ุชูุงุฑูุฑ ุงูุตูุงูุฉ ุงูุฏูุฑูุฉ / ุชูุงุฑูุฑ ูุฒู ุงููุฑูุจุฉ - ุฎุงุต ุจุงูุฑุจุท ุจุงูููุฆุฉ-)', NULL, 1, 2, 'text'),
(205, '966556824160', 2, 'local_id', 1727177186680, 'ูููุฉ ุชุฒููุฏ ุงูุฎุฏูุฉ ุนูู ุงูุณูุงุฑุฉ ุงููุงุญุฏุฉ 530 ุฑูุงู ุดุงููุฉ ุงูุถุฑูุจุฉ ุจุงูุฉ ูุงููุฉ ุชุดูู (ุฌูุงุฒ ุชุชุจุน ูุฌุงูุง + ุงุดุชุฑุงู ุณูุฉ ุนูู ููุตุฉ ุงูุชุชุจุน ูุน ุดุฑูุญุฉ ุงูุจูุงูุงุช + ุงูุชุฑููุจ ูุงูุถุฑูุจุฉ) ', NULL, 1, 2, 'text'),
(206, '966552168008', 2, 'wamid.HBgMOTY2NTUyMTY4MDA4FQIAEhggMERFRjNEOTkzNzA0MjA5OTUwNUVDRjAxQkJGM0Q3RTUA', 1727177244215, 'ุดูุฑุง ูู', NULL, 1, NULL, 'text'),
(207, '966556824160', 2, 'inset_id', 1727194533481, 'ุชู ุงูุชุนููู ูู ุญุณุงุจ ุงููุทูุฑ ุจูุงุณุทุฉ ุนุจุฏุงูููู ุนุซูุงู', NULL, 1, 2, 'inset_id'),
(208, '966552168008', 2, 'wamid.HBgMOTY2NTUyMTY4MDA4FQIAEhggRkVCOEVEQjJEQkJBRjU0MjQ3QkZBRDlCNDM3OThBQ0MA', 1727194606659, 'ูุฑุญุจุง', NULL, 1, NULL, 'text'),
(209, '966552168008', 2, 'wamid.HBgMOTY2NTUyMTY4MDA4FQIAEhggOUYzMURFRjEyMTY3NThFQTZCMjUyODFFMzgxMTJFNjYA', 1727194622311, 'ููู ุงูุญุงู', NULL, 1, NULL, 'text'),
(210, '966552168008', 2, 'wamid.HBgMOTY2NTUyMTY4MDA4FQIAEhggMDMyMjlGM0FFMzUyNzc3N0FDOUZBOTU4RTBFMThFREIA', 1727194644089, 'ุจุงูุชุธุงุฑู', NULL, 1, NULL, 'text'),
(211, '966552168008', 2, 'wamid.HBgMOTY2NTUyMTY4MDA4FQIAEhggMjY0MjkxMURENkU5Q0Q5RDZDMDJFMUIwRTIxRUVFNjYA', 1727194669012, 'ุงูุฃููุฑ ูุงูุตุญุฉ', NULL, 1, NULL, 'text'),
(212, '966559752282', 10, 'inset_id', 1727260573796, 'ุชู ุฅูุดุงุก ุงูุชุฐูุฑุฉ ุจูุงุณุทุฉ .', NULL, 1, NULL, 'inset_id'),
(213, '966556824160', 2, 'local_id', 1727274654270, 'i need user login for bus app', NULL, 1, 2, 'text'),
(214, '966556824160', 3, 'inset_id', 1727361607248, 'ุชู ุฅุนุงุฏุฉ ุงููุชุญ ุจูุงุณุทุฉ ุนุจุฏุงูููู ุนุซูุงู', NULL, 1, 2, 'inset_id'),
(215, '966544770775', 11, 'inset_id', 1727595568574, 'ุชู ุฅูุดุงุก ุงูุชุฐูุฑุฉ ุจูุงุณุทุฉ ูุญูุฏ', NULL, 1, NULL, 'inset_id'),
(216, '966544770775', 11, 'wamid.HBgMOTY2NTQ0NzcwNzc1FQIAEhgUM0E2Qzk1REIxRkFCQ0IzNDVGQTIA', 1727595568720, 'ุงูุณูุงู ุนูููู', NULL, 1, NULL, 'text'),
(217, '966555018868', 11, 'inset_id', 1727618540104, 'ุชู ุงูุชุนููู ูู ุนุจุฏุงูุนุฒูุฒ ุงููุญูููุฏ ุจูุงุณุทุฉ ุนุจุฏุงูุนุฒูุฒ ุงููุญูููุฏ', NULL, 1, 4, 'inset_id'),
(218, '966555018868', 11, 'local_id', 1727618544267, '1020', NULL, 1, 4, 'text'),
(219, '966555018868', 7, 'inset_id', 1727618578016, 'ุชู ุฅุนุงุฏุฉ ุงููุชุญ ุจูุงุณุทุฉ ุนุจุฏุงูุนุฒูุฒ ุงููุญูููุฏ', NULL, 1, NULL, 'inset_id'),
(220, '966555018868', 7, 'local_id', 1727618578100, '102030', NULL, 1, 4, 'text'),
(221, '966555018868', 7, 'local_id', 1727618687395, 'ููุชุญุฏุซ ูุน ููุธู ุงูุฏุนู ุงูููู ูุฑุฌู ุงุฎุชูุงุฑ ุจุฏุก ูุญุงุฏุซุฉ', NULL, 1, 4, 'template'),
(222, '966555018868', 7, 'wamid.HBgMOTY2NTU1MDE4ODY4FQIAEhgWM0VCMDlEMDQ2MDlGNDlGMDdGMEQ3RgA=', 1727618970489, 'ุจุฏุก ุงููุญุงุฏุซุฉ', NULL, 1, NULL, 'button'),
(223, '966556824160', 3, 'inset_id', 1727619138412, 'ุชู ุงูุชุนููู ูู ุญุณุงุจ ุงููุทูุฑ ุจูุงุณุทุฉ ุนุจุฏุงูููู ุนุซูุงู', NULL, 1, 2, 'inset_id'),
(224, '966544770775', 11, 'wamid.HBgMOTY2NTQ0NzcwNzc1FQIAEhgUM0EyOTk2RUY0RTEzQUYwM0VFQ0UA', 1727623699790, 'ุุ', NULL, 1, NULL, 'text'),
(225, '966503640444', 12, 'inset_id', 1727680809614, 'ุชู ุฅูุดุงุก ุงูุชุฐูุฑุฉ ุจูุงุณุทุฉ ูุณู ุงูุงุชุตุงู ุงููุคุณุณู', NULL, 1, NULL, 'inset_id'),
(226, '966503640444', 12, 'wamid.HBgMOTY2NTAzNjQwNDQ0FQIAEhgWM0VCMEM5ODhDQzExMkM2QTQ0Q0Q2RgA=', 1727680809708, 'ุชููู ุฌูุนูุฉ ูุงุฆุถ ูููุณุงุนุฏุงุช ุงูุนูููุฉ ูู ูุญุงูุธุฉ ุนููุฒุฉ ุจุชูููุฑ ูุฌููุนุฉ ูู ุงูุฃุฌูุฒุฉ ุงูุทุจูุฉ ุงููุธููุฉ ุงููุณุชุบูู ุนููุง ูููุญุชุงุฌูู ุจูุธุงู ุงูุฅุณุชุนุงุฑู \nุ\nุชุจุฑุนู ุจูุง ูุนุชุจุฑ ููู ุฎูุฑู ูู ูููู ุชุญุจ\nุชูุงู ุงุฌุฑูุง โฅ๏ธโจโฌ๏ธ\nโโชhttps://fayed.org.sa/?page_id=4257\n\nุดุงูุฑูู ููู ุณููุงู โจ\n\nููุณุนุฏ ููุชุดุฑู ุจูุชุงุจุนุชูู ุนูู ุญุณุงุจุงุชูุง ูู ููุตุงุช ุงูุชูุงุตู ุงูุฅุฌุชูุงุนู ๐ค\nhttps://linktr.ee/fayedonaizah', NULL, 1, NULL, 'text'),
(227, '966560054494', 13, 'inset_id', 1727768600025, 'ุชู ุฅูุดุงุก ุงูุชุฐูุฑุฉ ุจูุงุณุทุฉ ุฎุงุต', NULL, 1, NULL, 'inset_id'),
(228, '966598131984', 14, 'inset_id', 1727789545216, 'ุชู ุฅูุดุงุก ุงูุชุฐูุฑุฉ ุจูุงุณุทุฉ ุนุจุฏุงููู ุณุงูู', NULL, 1, NULL, 'inset_id'),
(229, '966920027707', 15, 'inset_id', 1727874880199, 'ุชู ุฅูุดุงุก ุงูุชุฐูุฑุฉ ุจูุงุณุทุฉ 966920027707', NULL, 1, NULL, 'inset_id'),
(230, '966920027707', 15, 'wamid.HBgMOTY2OTIwMDI3NzA3FQIAEhgSNjI1MUJBMTVFMUU3NjNCNENGAA==', 1727874880299, '', NULL, 1, NULL, 'unsupported'),
(231, '9668001169999', 16, 'inset_id', 1727970047843, 'ุชู ุฅูุดุงุก ุงูุชุฐูุฑุฉ ุจูุงุณุทุฉ 9668001169999', NULL, 1, NULL, 'inset_id'),
(232, '9668001169999', 16, 'wamid.HBgNOTY2ODAwMTE2OTk5ORUCABIYEjNDQkJENjlBN0IyOEVGQzE0MAA=', 1727970047953, '', NULL, 1, NULL, 'unsupported'),
(233, '966504882965', 17, 'inset_id', 1727982181715, 'ุชู ุฅูุดุงุก ุงูุชุฐูุฑุฉ ุจูุงุณุทุฉ ุงุจู ูููุฏ', NULL, 1, NULL, 'inset_id'),
(234, '966504882965', 17, 'wamid.HBgMOTY2NTA0ODgyOTY1FQIAEhgUM0FDNTNEQUQxNjg2MzJFRkIxQkEA', 1727982181813, 'ุงูุณูุงู ุนูููู ูุณุงุก ุงูุฎูุฑ \nุงุญุชุงุฌ ุชุฌุฏูุฏ ุฌูุงุฒ ุงูุชุชุจุน', NULL, 1, NULL, 'text'),
(235, '966537814554', 18, 'inset_id', 1727984723597, 'ุชู ุฅูุดุงุก ุงูุชุฐูุฑุฉ ุจูุงุณุทุฉ ุญูุฏ ุจุณุทุงูู', NULL, 1, NULL, 'inset_id'),
(236, '966537814554', 18, 'wamid.HBgMOTY2NTM3ODE0NTU0FQIAEhggQTkxOTUwNzMxMkE4OURDMERGMDFEOTc4N0ZFOTM3NUIA', 1727984723684, 'ููุง', NULL, 1, NULL, 'text'),
(237, '966537814554', 18, 'wamid.HBgMOTY2NTM3ODE0NTU0FQIAEhggMTFFQzk1OThGN0Y5MjU4NTZBQjdBQTI4QzE5MDQ2MDAA', 1727984747881, '', NULL, 1, NULL, 'location'),
(238, '966920031726', 19, 'inset_id', 1728050035074, 'ุชู ุฅูุดุงุก ุงูุชุฐูุฑุฉ ุจูุงุณุทุฉ 966920031726', NULL, 1, NULL, 'inset_id'),
(239, '966920031726', 19, 'wamid.HBgMOTY2OTIwMDMxNzI2FQIAEhgSQzhFNjY4RkYyMTJDNjU3MUE1AA==', 1728050035169, '', NULL, 1, NULL, 'unsupported'),
(240, '966564368588', 20, 'inset_id', 1728225863450, 'ุชู ุฅูุดุงุก ุงูุชุฐูุฑุฉ ุจูุงุณุทุฉ ูุถุงูู ANB', NULL, 1, NULL, 'inset_id'),
(241, '966564368588', 20, 'wamid.HBgMOTY2NTY0MzY4NTg4FQIAEhgUM0E4Mjk4MjEwQUU1QkZCOTUwQzAA', 1728225863555, 'ูุฑุญุจุง ุฃ.ุณูุทุงู \nูุนุงู ูุถุงูู ูู ุงููุตุฑููุฉ ุงููููุฒุฉ ูู ุงูุจูู ุงูุนุฑุจู', NULL, 1, NULL, 'text'),
(242, '966553234111', 21, 'inset_id', 1728312400341, 'ุชู ุฅูุดุงุก ุงูุชุฐูุฑุฉ ุจูุงุณุทุฉ ุดุฑูุฉ ุงููุฑุนุงูู ููุทุน ุบูุงุฑ ุชูููุชุง ุงูุงุตููุฉ', NULL, 1, NULL, 'inset_id'),
(243, '966553234111', 21, 'wamid.HBgMOTY2NTUzMjM0MTExFQIAEhggOTc1QTE2RjA0RUMwNzc2OUE2MjU1NTExODRGQ0NEMzQA', 1728312400439, 'ุงูุณูุงู ุนูููู ูุฑุญูุฉ ุงููู ูุจุฑูุงุชุฉ', NULL, 1, NULL, 'text'),
(244, '966544443767', 22, 'inset_id', 1728815380273, 'ุชู ุฅูุดุงุก ุงูุชุฐูุฑุฉ ุจูุงุณุทุฉ Ghada', NULL, 1, NULL, 'inset_id'),
(245, '966544443767', 22, 'wamid.HBgMOTY2NTQ0NDQzNzY3FQIAEhgUM0E4NkY4NDk1OEU4Mzk1QTU1QkIA', 1728815380349, 'ุงูุณูุงู ุนูููู ูุฑุญูุฉ ุงููู ูุจุฑูุงุชู \nูุณุงุก ุงูุฎูุฑ', NULL, 1, NULL, 'text'),
(246, '966556824160', 22, 'inset_id', 1728975439904, 'ุชู ุงูุชุนููู ูู ุนุจุฏุงูููู ุนุซูุงู ุจูุงุณุทุฉ ุนุจุฏุงูููู ุนุซูุงู', NULL, 1, 2, 'inset_id'),
(247, '966556824160', 21, 'inset_id', 1728975497066, 'ุชู ุงูุชุนููู ูู ุนุจุฏุงูููู ุนุซูุงู ุจูุงุณุทุฉ ุนุจุฏุงูููู ุนุซูุงู', NULL, 1, 2, 'inset_id'),
(248, '966556824160', 20, 'inset_id', 1728975509677, 'ุชู ุงูุชุนููู ูู ุนุจุฏุงูููู ุนุซูุงู ุจูุงุณุทุฉ ุนุจุฏุงูููู ุนุซูุงู', NULL, 1, 2, 'inset_id'),
(249, '966556824160', 20, 'inset_id', 1728975509678, 'ุชู ุงูุชุนููู ูู ุนุจุฏุงูููู ุนุซูุงู ุจูุงุณุทุฉ ุนุจุฏุงูููู ุนุซูุงู', NULL, 1, 2, 'inset_id'),
(250, '966556824160', 17, 'inset_id', 1728975659078, 'ุชู ุงูุชุนููู ูู ุนุจุฏุงูููู ุนุซูุงู ุจูุงุณุทุฉ ุนุจุฏุงูููู ุนุซูุงู', NULL, 1, 2, 'inset_id'),
(251, '966556824160', 18, 'inset_id', 1728975789214, 'ุชู ุงูุชุนููู ูู ุนุจุฏุงูููู ุนุซูุงู ุจูุงุณุทุฉ ุนุจุฏุงูููู ุนุซูุงู', NULL, 1, 2, 'inset_id'),
(252, '966556824160', 19, 'inset_id', 1728977474813, 'ุชู ุงูุชุนููู ูู ุนุจุฏุงูููู ุนุซูุงู ุจูุงุณุทุฉ ุนุจุฏุงูููู ุนุซูุงู', NULL, 1, 2, 'inset_id'),
(253, '966556824160', 16, 'inset_id', 1728978028826, 'ุชู ุงูุชุนููู ูู ุนุจุฏุงูููู ุนุซูุงู ุจูุงุณุทุฉ ุนุจุฏุงูููู ุนุซูุงู', NULL, 1, 2, 'inset_id'),
(254, '966556824160', 14, 'inset_id', 1728978524757, 'ุชู ุงูุชุนููู ูู ุนุจุฏุงูููู ุนุซูุงู ุจูุงุณุทุฉ ุนุจุฏุงูููู ุนุซูุงู', NULL, 1, 2, 'inset_id'),
(255, '966556824160', 15, 'inset_id', 1728978533344, 'ุชู ุงูุชุนููู ูู ุนุจุฏุงูููู ุนุซูุงู ุจูุงุณุทุฉ ุนุจุฏุงูููู ุนุซูุงู', NULL, 1, 2, 'inset_id'),
(256, '966556824160', 13, 'inset_id', 1728983059851, 'ุชู ุงูุชุนููู ูู ุนุจุฏุงูููู ุนุซูุงู ุจูุงุณุทุฉ ุนุจุฏุงูููู ุนุซูุงู', NULL, 1, 2, 'inset_id'),
(257, '966556824160', 12, 'inset_id', 1728985166974, 'ุชู ุงูุชุนููู ูู ุนุจุฏุงูููู ุนุซูุงู ุจูุงุณุทุฉ ุนุจุฏุงูููู ุนุซูุงู', NULL, 1, 2, 'inset_id'),
(258, '966556824160', 10, 'inset_id', 1728985233215, 'ุชู ุงูุชุนููู ูู ุนุจุฏุงูููู ุนุซูุงู ุจูุงุณุทุฉ ุนุจุฏุงูููู ุนุซูุงู', NULL, 1, 2, 'inset_id'),
(259, '966556824160', 12, 'inset_id', 1728985291703, 'ุชู ุงูุชุนููู ูู ุญุณุงุจ ุงููุทูุฑ ุจูุงุณุทุฉ ุนุจุฏุงูููู ุนุซูุงู', NULL, 1, 2, 'inset_id'),
(260, '966556824160', 12, 'inset_id', 1728986430897, 'ุชู ุงูุชุนููู ูู ุญุณุงุจ ุงููุทูุฑ ุจูุงุณุทุฉ ุนุจุฏุงูููู ุนุซูุงู', NULL, 1, 2, 'inset_id'),
(261, '966556824160', 13, 'inset_id', 1728986449526, 'ุชู ุงูุชุนููู ูู ุญุณุงุจ ุงููุทูุฑ ุจูุงุณุทุฉ ุนุจุฏุงูููู ุนุซูุงู', NULL, 1, 2, 'inset_id'),
(262, '966556824160', 10, 'inset_id', 1728986467308, 'ุชู ุงูุชุนููู ูู ุญุณุงุจ ุงููุทูุฑ ุจูุงุณุทุฉ ุนุจุฏุงูููู ุนุซูุงู', NULL, 1, 2, 'inset_id'),
(263, '966556824160', 7, 'comment_message_id', 1728997983905, 'hi', NULL, 1, 2, 'text'),
(264, '966556824160', 7, 'comment_message_id', 1729002890681, 'hi', NULL, 1, 2, 'text'),
(265, '966556824160', 7, 'inset_id', 1729064792919, 'ูุงู ุนุจุฏุงูููู ุนุซูุงู ุจุญุฐู ุงูุชุตููู ุชูุช ุงููุนุงูุฌุฉ', NULL, 1, 2, 'inset_id'),
(266, '966556824160', 7, 'inset_id', 1729064794037, 'ุชู ุงูุฅุบูุงู ุจูุงุณุทุฉ ุนุจุฏุงูููู ุนุซูุงู', NULL, 1, 2, 'inset_id'),
(267, '966556824160', 7, 'inset_id', 1729064794038, 'ุชู ุงูุฅุบูุงู ุจูุงุณุทุฉ ุนุจุฏุงูููู ุนุซูุงู', NULL, 1, 2, 'inset_id'),
(268, '966556824160', 7, 'inset_id', 1729064794040, 'ุชู ุงูุฅุบูุงู ุจูุงุณุทุฉ ุนุจุฏุงูููู ุนุซูุงู', NULL, 1, 2, 'inset_id'),
(269, '966556824160', 7, 'inset_id', 1729064794045, 'ุชู ุงูุฅุบูุงู ุจูุงุณุทุฉ ุนุจุฏุงูููู ุนุซูุงู', NULL, 1, 2, 'inset_id'),
(270, '966556824160', 11, 'inset_id', 1729084523199, 'ุตูู ุนุจุฏุงูููู ุนุซูุงู ุงููุญุงุฏุซุฉ ุจู ุนููู ุฌุฏูุฏ', NULL, 1, 2, 'inset_id'),
(271, '966556824160', 11, 'inset_id', 1729084529451, 'ุชู ุงูุฅุบูุงู ุจูุงุณุทุฉ ุนุจุฏุงูููู ุนุซูุงู', NULL, 1, 2, 'inset_id'),
(272, '966558854894', 23, 'inset_id', 1729150794424, 'ุชู ุฅูุดุงุก ุงูุชุฐูุฑุฉ ุจูุงุณุทุฉ ูุดุนู', NULL, 1, NULL, 'inset_id'),
(273, '966558854894', 23, 'wamid.HBgMOTY2NTU4ODU0ODk0FQIAEhggNDI3NkVFNEU3NUM1NEIyMzNEQzUxRUE1RTgzRDQ4ODgA', 1729150795381, 'ุงูุณูุงู ุนูููู', NULL, 1, NULL, 'text'),
(274, '966558854894', 23, 'wamid.HBgMOTY2NTU4ODU0ODk0FQIAEhggN0MxOEIwNjUzRDlCMDFDNjExOEI0RkI1MDM1NzY3RjMA', 1729150806373, 'ุงุฑุณู ุงููููุน', NULL, 1, NULL, 'text'),
(275, '966556824160', 23, 'inset_id', 1729154591660, 'ุชู ุงูุชุนููู ูู ุนุจุฏุงูููู ุนุซูุงู ุจูุงุณุทุฉ ุนุจุฏุงูููู ุนุซูุงู', NULL, 1, 2, 'inset_id'),
(276, '966556824160', 23, 'local_id', 1729154604311, 'ุนูููู ุงูุณูุงู ูุฑุญูุฉ ุงููู ', NULL, 1, 2, 'text'),
(277, '966556824160', 23, 'local_id', 1729154665434, 'ุงูุฑุฌุงุก ุงููุฑุงุณูุฉ ุนูู ุงูุฑูู ุงูุฑุฆูุณู ููุฏุนู ุงูููู  ูุฎุฏูุชูู ุจุดูู ุงุณุฑุน \r\n\r\n0555089009', NULL, 1, 2, 'text'),
(278, '966556824160', 23, 'comment_message_id', 1729171818341, 'ุชู ุชุญููู ุงูุทูุจ', NULL, 1, 2, 'text'),
(279, '966556824160', 23, 'inset_id', 1729171824364, 'ุตูู ุนุจุฏุงูููู ุนุซูุงู ุงููุญุงุฏุซุฉ ุจู ุนููู ุฌุฏูุฏ', NULL, 1, 2, 'inset_id'),
(280, '966556824160', 23, 'inset_id', 1729171832341, 'ุชู ุงูุฅุบูุงู ุจูุงุณุทุฉ ุนุจุฏุงูููู ุนุซูุงู', NULL, 1, 2, 'inset_id'),
(281, '966556824160', 17, 'comment_message_id', 1729175817581, 'ุชู ุชุญููู ุงูุทูุจ', NULL, 1, 2, 'text'),
(282, '966556824160', 17, 'inset_id', 1729175830454, 'ุตูู ุนุจุฏุงูููู ุนุซูุงู ุงููุญุงุฏุซุฉ ุจู ุนููู ุฌุฏูุฏ', NULL, 1, 2, 'inset_id'),
(283, '966556824160', 17, 'inset_id', 1729175842393, 'ุชู ุงูุฅุบูุงู ุจูุงุณุทุฉ ุนุจุฏุงูููู ุนุซูุงู', NULL, 1, 2, 'inset_id'),
(284, '966556824160', 3, 'local_id', 1729320688816, 'ููุชุญุฏุซ ูุน ููุธู ุงูุฏุนู ุงูููู ูุฑุฌู ุงุฎุชูุงุฑ ุจุฏุก ูุญุงุฏุซุฉ', NULL, 1, 2, 'template'),
(285, '966556824160', 3, 'wamid.HBgMOTY2NTU2ODI0MTYwFQIAEhggMEFGRDYxNTIxNjc1QTRDQkY1OTMwQzhFMDIyNzFBQzAA', 1729320700681, 'ุจุฏุก ุงููุญุงุฏุซุฉ', NULL, 1, NULL, 'button'),
(286, '966556824160', 3, 'inset_id', 1729320746286, 'ุชู ุงูุชุนููู ูู ุนุจุฏุงูููู ุนุซูุงู ุจูุงุณุทุฉ ุนุจุฏุงูููู ุนุซูุงู', NULL, 1, 2, 'inset_id'),
(287, '966556824160', 3, 'wamid.HBgMOTY2NTU2ODI0MTYwFQIAEhggNjIwQzc5QjA4QTIyNDAyODFBRkRBMjhDQ0FDMEE0OEUA', 1729320755367, 'ููุง ุจูู', NULL, 1, NULL, 'text'),
(288, '966556824160', 3, 'wamid.HBgMOTY2NTU2ODI0MTYwFQIAEhggRTdGOTJENDBDQ0Q5RThERkFGNjE2NzZGQ0MwNDMyRDMA', 1729323665905, 'ูุฑุญุจุง', NULL, 1, NULL, 'text'),
(289, '966556824160', 3, 'wamid.HBgMOTY2NTU2ODI0MTYwFQIAEhggRTNDNTRBQjZDNkQ2MEI1NDA5NjkwMkM0MkIyOUJGNjcA', 1729335339137, 'ูุฑุญุจุง', NULL, 1, NULL, 'text'),
(290, '249123342124', 3, 'local_id', 1729344797013, 'hi', NULL, 1, 1, 'text'),
(291, '249123342124', 3, 'local_id', 1729344798723, 'hi', NULL, 1, 1, 'text'),
(292, '966556824160', 3, 'wamid.HBgMOTY2NTU2ODI0MTYwFQIAEhggMTk5NTcxMUE2RjYwREUwNDFDMzM5Rjg3MDMzQjE5QzAA', 1729344809159, 'Hi', NULL, 1, NULL, 'text'),
(293, '966556824160', 3, 'wamid.HBgMOTY2NTU2ODI0MTYwFQIAEhggNTk1RkM1RjFGQzM0QkZCQTM1N0RBRDFBQjNGNzVGOUMA', 1729344818731, 'Is This from aap', NULL, 1, NULL, 'text'),
(294, '966556824160', 3, 'wamid.HBgMOTY2NTU2ODI0MTYwFQIAEhggQTUyNDc2OUMwMzBFNjE1QzYyMDA1RkIwOUJDNjAxNzMA', 1729344823733, 'app', NULL, 1, NULL, 'text'),
(295, '249123342124', 3, 'local_id', 1729345121936, 'hi', NULL, 1, 1, 'text'),
(296, '249123342124', 3, 'local_id', 1729345123127, 'hi', NULL, 1, 1, 'text'),
(297, '966556824160', 3, 'wamid.HBgMOTY2NTU2ODI0MTYwFQIAEhggNzdDNzAxMTI4MDY4QTAyMThCRUI4MkE2N0RCNzA5Q0EA', 1729345266852, 'Yes', NULL, 1, NULL, 'text'),
(298, '249123342124', 3, 'local_id', 1729345319170, 'yes', NULL, 1, 1, 'text'),
(299, '249123342124', 3, 'local_id', 1729345320534, 'yes', NULL, 1, 1, 'text'),
(300, '249123342124', 3, 'local_id', 1729345321743, 'yes', NULL, 1, 1, 'text'),
(301, '249123342124', 3, 'local_id', 1729345323812, 'yes', NULL, 1, 1, 'text'),
(302, '966556824160', 3, 'wamid.HBgMOTY2NTU2ODI0MTYwFQIAEhggNjI2NTVGNDBBNDUzNDc0NTg4RUI3MkQxRTNCMzY5OEIA', 1729345352227, 'Yes', NULL, 1, NULL, 'text'),
(303, '249123342124', 3, 'local_id', 1729345361502, 'okay', NULL, 1, 1, 'text'),
(304, '249123342124', 3, 'local_id', 1729345362630, 'okay', NULL, 1, 1, 'text'),
(305, '249123342124', 3, 'local_id', 1729345965559, 'hi', NULL, 1, 1, 'text'),
(306, '249123342124', 3, 'local_id', 1729345966760, 'hi', NULL, 1, 1, 'text'),
(307, '249123342124', 3, 'local_id', 1729346137777, 'hi', NULL, 1, 1, 'text'),
(308, '249123342124', 3, 'local_id', 1729346140228, 'hi', NULL, 1, 1, 'text'),
(309, '249123342124', 3, 'local_id', 1729346140543, 'hi', NULL, 1, 1, 'text'),
(310, '249123342124', 3, 'local_id', 1729346142929, 'hi', NULL, 1, 1, 'text'),
(311, '249123342124', 3, 'local_id', 1729346815193, 'hi', NULL, 1, 1, 'text'),
(312, '249123342124', 3, 'local_id', 1729346817784, 'hi', NULL, 1, 1, 'text'),
(313, '249123342124', 3, 'local_id', 1729346823099, 'hi', NULL, 1, 1, 'text'),
(314, '249123342124', 3, 'local_id', 1729346827433, 'hi', NULL, 1, 1, 'text'),
(315, '249123342124', 3, 'local_id', 1729346839488, 'hi', NULL, 1, 1, 'text'),
(316, '249123342124', 3, 'local_id', 1729346840711, 'hi', NULL, 1, 1, 'text'),
(317, '249123342124', 3, 'local_id', 1729347778380, 'hi', NULL, 1, 1, 'text'),
(318, '249123342124', 3, 'local_id', 1729347780235, 'hi', NULL, 1, 1, 'text'),
(319, '966556824160', 3, 'wamid.HBgMOTY2NTU2ODI0MTYwFQIAEhgWM0VCMDFCNkNENEUwRDlEMkRCQTVDMQA=', 1729347824662, 'hi', NULL, 1, NULL, 'text'),
(320, '249123342124', 3, 'local_id', 1729348832997, 'hi', NULL, 1, 1, 'text'),
(321, '249123342124', 3, 'local_id', 1729348835359, 'hi', NULL, 1, 1, 'text'),
(322, '249123342124', 3, 'local_id', 1729405802427, 'hi', NULL, 1, 1, 'text'),
(323, '249123342124', 3, 'local_id', 1729405803986, 'hi', NULL, 1, 1, 'text'),
(324, '249123342124', 3, 'local_id', 1729405810557, 'hi', NULL, 1, 1, 'text'),
(325, '249123342124', 3, 'local_id', 1729405812682, 'hi', NULL, 1, 1, 'text'),
(326, '249123342124', 3, 'local_id', 1729405833342, 'hi', NULL, 1, 1, 'text'),
(327, '249123342124', 3, 'local_id', 1729405834549, 'hi', NULL, 1, 1, 'text'),
(328, '966556824160', 3, 'local_id', 1729405864004, 'hi', NULL, 1, 2, 'text'),
(329, '966556824160', 3, 'local_id', 1729405886407, 'hi', NULL, 1, 2, 'text'),
(330, '966556824160', 24, 'inset_id', 1729405925949, 'ุชู ุฅูุดุงุก ุงูุชุฐูุฑุฉ ุจูุงุณุทุฉ ุนุจุฏุงูููู ุนุซูุงู', NULL, 1, NULL, 'inset_id'),
(331, '966556824160', 24, 'inset_id', 1729405925991, 'ุชู ุงูุชุนููู ุจูุงุณุทุฉ ุนุจุฏุงูููู ุนุซูุงู', NULL, 1, NULL, 'inset_id'),
(332, '966556824160', 24, 'local_id', 1729405926380, 'ููุชุญุฏุซ ูุน ููุธู ุงูุฏุนู ุงูููู ูุฑุฌู ุงุฎุชูุงุฑ ุจุฏุก ูุญุงุฏุซุฉ', NULL, 1, 2, 'template'),
(333, '966500417638', 24, 'wamid.HBgMOTY2NTAwNDE3NjM4FQIAEhgUM0FBQjA4RkJBRjQxM0Q1MkI0M0YA', 1729405945821, 'Hi', NULL, 1, NULL, 'text'),
(334, '249123342124', 24, 'local_id', 1729406308098, 'hi', NULL, 1, 1, 'text'),
(335, '249123342124', 24, 'local_id', 1729406309746, 'hi', NULL, 1, 1, 'text'),
(336, '966500417638', 24, 'wamid.HBgMOTY2NTAwNDE3NjM4FQIAEhgWM0VCMDk4NzVBMzZDRTZGMzNFQkQxNAA=', 1729406671207, 'hi', NULL, 1, NULL, 'text'),
(337, '966500417638', 24, 'wamid.HBgMOTY2NTAwNDE3NjM4FQIAEhgWM0VCMEJDOERCQkUxNzdFRDdFNEZCMgA=', 1729406681054, 'hi', NULL, 1, NULL, 'text'),
(338, '249123342124', 24, 'local_id', 1729406688154, 'hi', NULL, 1, 1, 'text'),
(339, '249123342124', 24, 'local_id', 1729406689363, 'hi', NULL, 1, 1, 'text'),
(340, '966500417638', 24, 'wamid.HBgMOTY2NTAwNDE3NjM4FQIAEhgWM0VCMDJDQTBBQ0Q1QUUwRjc5NDEzMgA=', 1729407522864, 'hi', NULL, 1, NULL, 'text'),
(341, '249123342124', 24, 'local_id', 1729407527382, 'hi', NULL, 1, 1, 'text'),
(342, '249123342124', 24, 'local_id', 1729407528898, 'hi', NULL, 1, 1, 'text'),
(343, '249123342124', 24, 'local_id', 1729407929173, 'hi', NULL, 1, 1, 'text'),
(344, '249123342124', 24, 'local_id', 1729407930456, 'hi', NULL, 1, 1, 'text'),
(345, '249123342124', 24, 'local_id', 1729407967147, 'hi', NULL, 1, 1, 'text'),
(346, '249123342124', 24, 'local_id', 1729407968410, 'hi', NULL, 1, 1, 'text'),
(347, '249123342124', 24, 'local_id', 1729408205538, 'hi', NULL, 1, 1, 'text'),
(348, '249123342124', 24, 'local_id', 1729408207120, 'hi', NULL, 1, 1, 'text'),
(349, '966500417638', 24, 'wamid.HBgMOTY2NTAwNDE3NjM4FQIAEhgWM0VCMEFBMjU1RjgyQkVEMTU5NjFDMQA=', 1729408233310, 'hi', NULL, 1, NULL, 'text'),
(350, '249123342124', 24, 'local_id', 1729408239669, 'hi', NULL, 1, 1, 'text'),
(351, '249123342124', 24, 'local_id', 1729408242474, 'hi', NULL, 1, 1, 'text'),
(352, '966500417638', 24, 'wamid.HBgMOTY2NTAwNDE3NjM4FQIAEhgWM0VCMDFDQjg1ODg5MkMyNzY5REVDMwA=', 1729408294930, 'hi', NULL, 1, NULL, 'text'),
(353, '249123342124', 24, 'local_id', 1729408307661, 'how are you', NULL, 1, 1, 'text'),
(354, '249123342124', 24, 'local_id', 1729408308834, 'how are you', NULL, 1, 1, 'text'),
(355, '249123342124', 24, 'local_id', 1729408326551, 'how are u', NULL, 1, 1, 'text'),
(356, '249123342124', 24, 'local_id', 1729408327953, 'how are u', NULL, 1, 1, 'text'),
(357, '249123342124', 24, 'local_id', 1729408424888, 'dfgdfg', NULL, 1, 1, 'text'),
(358, '249123342124', 24, 'local_id', 1729408426320, 'dfgdfg', NULL, 1, 1, 'text'),
(359, '249123342124', 24, 'local_id', 1729408882518, 'hi', NULL, 1, 1, 'text'),
(360, '249123342124', 24, 'local_id', 1729408884892, 'hi', NULL, 1, 1, 'text'),
(361, '249123342124', 24, 'local_id', 1729408913349, 'hi', NULL, 1, 1, 'text'),
(362, '249123342124', 24, 'local_id', 1729408915407, 'hi', NULL, 1, 1, 'text'),
(363, '966500417638', 24, 'wamid.HBgMOTY2NTAwNDE3NjM4FQIAEhgWM0VCMDQ0MzA4MDc0REVGODVBNEU1QQA=', 1729408928554, 'rgerg', NULL, 1, NULL, 'text'),
(364, '966500417638', 24, 'wamid.HBgMOTY2NTAwNDE3NjM4FQIAEhgWM0VCMDA2NzUyNDlGQkY5NUNCMjMwOAA=', 1729408966345, 'efgerg', NULL, 1, NULL, 'text'),
(365, '966500417638', 24, 'wamid.HBgMOTY2NTAwNDE3NjM4FQIAEhgWM0VCMDc1NTQwQTU0QTJDNDYzMTM1OQA=', 1729408998804, 'gwegwe', NULL, 1, NULL, 'text'),
(366, '249123342124', 24, 'local_id', 1729409065508, 'hi', NULL, 1, 1, 'text'),
(367, '249123342124', 24, 'local_id', 1729409066731, 'hi', NULL, 1, 1, 'text'),
(368, '966500417638', 24, 'wamid.HBgMOTY2NTAwNDE3NjM4FQIAEhgWM0VCMDMwRTdFRTMwQkNBQjhENTcxMAA=', 1729409361221, 'how are you?', NULL, 1, NULL, 'text'),
(369, '249123342124', 24, 'local_id', 1729409377008, 'good!', NULL, 1, 1, 'text'),
(370, '249123342124', 24, 'local_id', 1729409378658, 'good!', NULL, 1, 1, 'text'),
(371, '249123342124', 24, 'local_id', 1729410038545, 'hi', NULL, 1, 1, 'text'),
(372, '249123342124', 24, 'local_id', 1729410040442, 'hi', NULL, 1, 1, 'text'),
(373, '249123342124', 24, 'local_id', 1729410282641, 'hi', NULL, 1, 1, 'text'),
(374, '249123342124', 24, 'local_id', 1729410284008, 'hi', NULL, 1, 1, 'text'),
(375, '249123342124', 24, 'local_id', 1729411370123, 'sgsg', NULL, 1, 1, 'text'),
(376, '249123342124', 24, 'local_id', 1729411725779, 'sgsg', NULL, 1, 1, 'text'),
(377, '249123342124', 24, 'local_id', 1729411727274, 'sgsg', NULL, 1, 1, 'text'),
(378, '249123342124', 24, 'local_id', 1729412089255, 'hi', NULL, 1, 1, 'text'),
(379, '249123342124', 24, 'local_id', 1729412094560, 'hi', NULL, 1, 1, 'text'),
(380, '249123342124', 24, 'local_id', 1729412516669, 'hi', NULL, 1, 1, 'text'),
(381, '249123342124', 24, 'local_id', 1729412521324, 'hi', NULL, 1, 1, 'text'),
(382, '966500417638', 24, 'wamid.HBgMOTY2NTAwNDE3NjM4FQIAEhgWM0VCMERERTIxRjc0RkMzRERBRTQzRQA=', 1729415028197, 'hi', NULL, 1, NULL, 'text'),
(383, '249123342124', 24, 'local_id', 1729415035772, 'hi', NULL, 1, 1, 'text'),
(384, '966500417638', 24, 'wamid.HBgMOTY2NTAwNDE3NjM4FQIAEhgWM0VCMDlGMUE2Nzg0MzAyOUYwMUJCMQA=', 1729415692927, 'how are you?', NULL, 1, NULL, 'text'),
(385, '249123342124', 24, 'local_id', 1729415705548, 'good', NULL, 1, 1, 'text'),
(386, '249123342124', 24, 'local_id', 1729416006705, 'hi', NULL, 1, 1, 'text'),
(387, '249123342124', 24, 'local_id', 1729416047128, 'ggg', NULL, 1, 1, 'text'),
(388, '966500417638', 24, 'wamid.HBgMOTY2NTAwNDE3NjM4FQIAEhgWM0VCMDU3NTlBRkM1MDQ0RDBBNTExOAA=', 1729416199465, 'hi', NULL, 1, NULL, 'text'),
(389, '249123342124', 24, 'local_id', 1729416205880, 'hi', NULL, 1, 1, 'text'),
(390, '249123342124', 24, 'local_id', 1729416257907, 'hi', NULL, 1, 1, 'text'),
(391, '966500417638', 24, 'wamid.HBgMOTY2NTAwNDE3NjM4FQIAEhgWM0VCMEM2MDg1ODNGMzM4RTY4QkY4NgA=', 1729416309547, 'how are you', NULL, 1, NULL, 'text'),
(392, '249123342124', 24, 'local_id', 1729416324105, 'good', NULL, 1, 1, 'text'),
(393, '249123342124', 24, 'local_id', 1729416371020, 'good', NULL, 1, 1, 'text'),
(394, '249123342124', 24, 'local_id', 1729416444965, 'hi', NULL, 1, 1, 'text'),
(395, '249123342124', 24, 'local_id', 1729416444970, 'hi', NULL, 1, 1, 'text'),
(396, '966500417638', 24, 'wamid.HBgMOTY2NTAwNDE3NjM4FQIAEhgWM0VCMEFFMTEwQTMyNjlDNUVBM0U3RQA=', 1729416711868, 'hhhh', NULL, 1, NULL, 'text'),
(397, '249123342124', 24, 'local_id', 1729416720246, 'fff', NULL, 1, 1, 'text'),
(398, '966500417638', 24, 'wamid.HBgMOTY2NTAwNDE3NjM4FQIAEhgWM0VCMDA3QzBENTFBNkFBNkJBRkVENAA=', 1729416948701, 'sdgs', NULL, 1, NULL, 'text'),
(399, '249123342124', 24, 'local_id', 1729416956197, 'sdgf', NULL, 1, 1, 'text'),
(400, '249123342124', 24, 'local_id', 1729417065158, 'sd', NULL, 1, 1, 'text'),
(401, '249123342124', 24, 'local_id', 1729417156316, 'fgj', NULL, 1, 1, 'text'),
(402, '249123342124', 24, 'local_id', 1729417253681, 'fgh', NULL, 1, 1, 'text'),
(403, '249123342124', 24, 'local_id', 1729417354456, 'sdgs', NULL, 1, 1, 'text'),
(404, '249123342124', 24, 'local_id', 1729417370925, 'sdgsd', NULL, 1, 1, 'text'),
(405, '249123342124', 24, 'local_id', 1729417393205, 'ghdfgh', NULL, 1, 1, 'text'),
(406, '249123342124', 24, 'local_id', 1729417613539, 'hi', NULL, 1, 1, 'text'),
(407, '249123342124', 24, 'local_id', 1729417692491, 'hi', NULL, 1, 1, 'text'),
(408, '966500417638', 24, 'wamid.HBgMOTY2NTAwNDE3NjM4FQIAEhgWM0VCMDg1MUYzMTg1RjA3M0U1Q0I0OAA=', 1729418067527, 'hhhh', NULL, 1, NULL, 'text');
INSERT INTO `messages` (`id`, `from_phone`, `inbox_id`, `message_id`, `timestamp`, `message`, `media_link`, `viewed`, `user_id`, `type`) VALUES
(409, '249123342124', 24, 'local_id', 1729418087447, 'hi', NULL, 1, 1, 'text'),
(410, '249123342124', 24, 'local_id', 1729418232758, 'hi', NULL, 1, 1, 'text'),
(411, '966500417638', 24, 'wamid.HBgMOTY2NTAwNDE3NjM4FQIAEhgWM0VCMEI2MTVBOEFEMEJBRkRERUYwOAA=', 1729418300830, 'hi', NULL, 1, NULL, 'text'),
(412, '249123342124', 24, 'local_id', 1729418307488, 'hi', NULL, 1, 1, 'text'),
(413, '249123342124', 24, 'local_id', 1729418314845, 'hi', NULL, 1, 1, 'text'),
(414, '249123342124', 24, 'local_id', 1729418506780, 'hi', NULL, 1, 1, 'text'),
(415, '249123342124', 24, 'local_id', 1729418516694, 'hi', NULL, 1, 1, 'text'),
(416, '249123342124', 24, 'local_id', 1729418527038, 'hijj', NULL, 1, 1, 'text'),
(417, '249123342124', 24, 'local_id', 1729418678757, 'hi', NULL, 1, 1, 'text'),
(418, '249123342124', 24, 'local_id', 1729418693240, 'dgsdg', NULL, 1, 1, 'text'),
(419, '249123342124', 24, 'local_id', 1729418765854, 'sd', NULL, 1, 1, 'text'),
(420, '249123342124', 24, 'local_id', 1729418775838, 'ds', NULL, 1, 1, 'text'),
(421, '249123342124', 24, 'local_id', 1729418798472, 'gg', NULL, 1, 1, 'text'),
(422, '249123342124', 24, 'local_id', 1729418910007, 'hi', NULL, 1, 1, 'text'),
(423, '249123342124', 24, 'local_id', 1729419189861, 'hhkkk', NULL, 1, 1, 'text'),
(424, '249123342124', 24, 'local_id', 1729419356108, 'kkkllllll', NULL, 1, 1, 'text'),
(425, '249123342124', 24, 'local_id', 1729419383104, 'kjhgkkj', NULL, 1, 1, 'text'),
(426, '249123342124', 24, 'local_id', 1729419465199, 'jjjj', NULL, 1, 1, 'text'),
(427, '249123342124', 24, 'local_id', 1729419484703, 'hkjhk', NULL, 1, 1, 'text'),
(428, '249123342124', 24, 'local_id', 1729419813068, 'ruban', NULL, 1, 1, 'text'),
(429, '249123342124', 24, 'local_id', 1729419843566, 'hh', NULL, 1, 1, 'text'),
(430, '249123342124', 24, 'local_id', 1729419913506, 'rrrrrr', NULL, 1, 1, 'text'),
(431, '249123342124', 24, 'local_id', 1729419914643, 'rrrrrr', NULL, 1, 1, 'text'),
(432, '249123342124', 24, 'local_id', 1729419964893, 'hhhhh', NULL, 1, 1, 'text'),
(433, '249123342124', 24, 'local_id', 1729419992167, 'jbi', NULL, 1, 1, 'text'),
(434, '966500417638', 24, 'wamid.HBgMOTY2NTAwNDE3NjM4FQIAEhgWM0VCMEEyNUI1RjQ0QTcyRjEzQzk5RgA=', 1729420133069, 'ruban ruban', NULL, 1, NULL, 'text'),
(435, '249123342124', 24, 'local_id', 1729420145834, 'yes yes', NULL, 1, 1, 'text'),
(436, '966500417638', 24, 'wamid.HBgMOTY2NTAwNDE3NjM4FQIAEhgWM0VCMDk1MTU4RkNFRDMzREM2NDk4QwA=', 1729420643177, 'dffdffd', NULL, 1, NULL, 'text'),
(437, '966500417638', 24, 'wamid.HBgMOTY2NTAwNDE3NjM4FQIAEhgWM0VCMENFNjk3MTM0Qzg1RTU3REQ3RAA=', 1729420666443, 'sdgsd', NULL, 1, NULL, 'text'),
(438, '249123342124', 24, 'local_id', 1729420672759, 'rubanruban', NULL, 1, 1, 'text'),
(439, '249123342124', 24, 'local_id', 1729421239911, 'sg', NULL, 1, 1, 'text'),
(440, '249123342124', 24, 'local_id', 1729421475824, 'hhh', NULL, 1, 1, 'text'),
(441, '966500417638', 24, 'wamid.HBgMOTY2NTAwNDE3NjM4FQIAEhgWM0VCMDA0NjQ0NEU0MzlGQzlCRDFDMQA=', 1729421581381, 'hi', NULL, 1, NULL, 'text'),
(442, '249123342124', 24, 'local_id', 1729422667120, 'hi', NULL, 1, 1, 'text'),
(443, '249123342124', 24, 'local_id', 1729422736190, 'hhh', NULL, 1, 1, 'text'),
(444, '249123342124', 24, 'local_id', 1729422868977, 'sdgsg', NULL, 1, 1, 'text'),
(445, '249123342124', 24, 'local_id', 1729423282850, 'h', NULL, 1, 1, 'text'),
(446, '966555018868', 7, 'inset_id', 1729427710141, 'ุชู ุฅุนุงุฏุฉ ุงููุชุญ ุจูุงุณุทุฉ null', NULL, 1, NULL, 'inset_id'),
(447, '966555018868', 7, 'wamid.HBgMOTY2NTU1MDE4ODY4FQIAEhgUM0E3RTNEOEVFQ0Q0RkFDNDIxRjkA', 1729427712490, 'ููุง ููุฑุญุจุง', NULL, 1, NULL, 'text'),
(448, '966555018868', 7, 'inset_id', 1729427721625, 'ุชู ุงูุชุนููู ูู ุนุจุฏุงูุนุฒูุฒ ุงููุญูููุฏ ุจูุงุณุทุฉ ุนุจุฏุงูุนุฒูุฒ ุงููุญูููุฏ', NULL, 1, 4, 'inset_id'),
(449, '966555018868', 7, 'local_id', 1729427729330, '1202', NULL, 1, 4, 'text'),
(450, '966555018868', 7, 'inset_id', 1729427753642, 'ุตูู ุนุจุฏุงูุนุฒูุฒ ุงููุญูููุฏ ุงููุญุงุฏุซุฉ ุจู ูุดููุฉ', NULL, 1, 4, 'inset_id'),
(451, '966555018868', 7, 'inset_id', 1729427758627, 'ุชู ุงูุชุนููู ูู ุนุจุฏุงูููู ุนุซูุงู ุจูุงุณุทุฉ ุนุจุฏุงูุนุฒูุฒ ุงููุญูููุฏ', NULL, 1, 4, 'inset_id'),
(452, '966555018868', 7, 'inset_id', 1729427763102, 'ุชู ุงูุฅุบูุงู ุจูุงุณุทุฉ ุนุจุฏุงูุนุฒูุฒ ุงููุญูููุฏ', NULL, 1, 4, 'inset_id'),
(453, '966555018868', 7, 'inset_id', 1729427800613, 'ุชู ุฅุนุงุฏุฉ ุงููุชุญ ุจูุงุณุทุฉ ุนุจุฏุงูุนุฒูุฒ ุงููุญูููุฏ', NULL, 1, 4, 'inset_id'),
(454, '966555018868', 7, 'inset_id', 1729427807456, 'ุชู ุงูุชุนููู ูู ุนุจุฏุงูููู ุนุซูุงู ุจูุงุณุทุฉ ุนุจุฏุงูุนุฒูุฒ ุงููุญูููุฏ', NULL, 1, 4, 'inset_id'),
(455, '966555018868', 7, 'inset_id', 1729427817364, 'ุชู ุงูุฅุบูุงู ุจูุงุณุทุฉ ุนุจุฏุงูุนุฒูุฒ ุงููุญูููุฏ', NULL, 1, 4, 'inset_id'),
(456, '966555018868', 7, 'inset_id', 1729427817366, 'ุชู ุงูุฅุบูุงู ุจูุงุณุทุฉ ุนุจุฏุงูุนุฒูุฒ ุงููุญูููุฏ', NULL, 1, 4, 'inset_id'),
(457, '249123342124', 7, 'local_id', 1729427818684, 'hi', NULL, 1, 1, 'text'),
(458, '249123342124', 7, 'local_id', 1729427826530, 'hi', NULL, 1, 1, 'text'),
(459, '966555018868', 7, 'inset_id', 1729427833123, 'ุชู ุฅุนุงุฏุฉ ุงููุชุญ ุจูุงุณุทุฉ ุนุจุฏุงูุนุฒูุฒ ุงููุญูููุฏ', NULL, 1, 4, 'inset_id'),
(460, '966555018868', 7, 'inset_id', 1729427833125, 'ุชู ุฅุนุงุฏุฉ ุงููุชุญ ุจูุงุณุทุฉ ุนุจุฏุงูุนุฒูุฒ ุงููุญูููุฏ', NULL, 1, 4, 'inset_id'),
(461, '966555018868', 7, 'inset_id', 1729427837565, 'ุชู ุฅุนุงุฏุฉ ุงููุชุญ ุจูุงุณุทุฉ ุนุจุฏุงูุนุฒูุฒ ุงููุญูููุฏ', NULL, 1, 4, 'inset_id'),
(462, '966555018868', 7, 'inset_id', 1729427837574, 'ุชู ุฅุนุงุฏุฉ ุงููุชุญ ุจูุงุณุทุฉ ุนุจุฏุงูุนุฒูุฒ ุงููุญูููุฏ', NULL, 1, 4, 'inset_id'),
(463, '966555018868', 7, 'inset_id', 1729427837607, 'ุชู ุฅุนุงุฏุฉ ุงููุชุญ ุจูุงุณุทุฉ ุนุจุฏุงูุนุฒูุฒ ุงููุญูููุฏ', NULL, 1, 4, 'inset_id'),
(464, '966555018868', 7, 'inset_id', 1729427843256, 'ุชู ุงูุชุนููู ูู ุนุจุฏุงูููู ุนุซูุงู ุจูุงุณุทุฉ ุนุจุฏุงูุนุฒูุฒ ุงููุญูููุฏ', NULL, 1, 4, 'inset_id'),
(465, '249123342124', 24, 'local_id', 1729427857272, 'hi', NULL, 1, 1, 'text'),
(466, '966556824160', 7, 'comment_message_id', 1729427888507, 'for testing', NULL, 1, 2, 'text'),
(467, '966500417638', 24, 'wamid.HBgMOTY2NTAwNDE3NjM4FQIAEhgWM0VCMDNFMEE5MENFMzBGOTQxNkM3QgA=', 1729427973189, 'hhh', NULL, 1, NULL, 'text'),
(468, '249123342124', 24, 'local_id', 1729427986959, 'hi', NULL, 1, 1, 'text'),
(469, '249123342124', 24, 'local_id', 1729428559554, 'tell', NULL, 1, 1, 'text'),
(470, '966500417638', 24, 'wamid.HBgMOTY2NTAwNDE3NjM4FQIAEhgWM0VCMDlDMzc3NEU5NEZCQTY4RUUzMwA=', 1729428598431, 'hi', NULL, 1, NULL, 'text'),
(471, '249123342124', 3, 'local_id', 1729428673081, 'hi malik', NULL, 1, 1, 'text'),
(472, '966500417638', 24, 'wamid.HBgMOTY2NTAwNDE3NjM4FQIAEhgWM0VCMDI4NzgzMjA2RDJFMzE4OUMxNQA=', 1729428976807, 'hi', NULL, 1, NULL, 'text'),
(473, '249123342124', 24, 'local_id', 1729428984741, 'hi', NULL, 1, 1, 'text'),
(474, '249123342124', 24, 'local_id', 1729428986167, 'hi', NULL, 1, 1, 'text'),
(475, '249123342124', 24, 'local_id', 1729429019023, 'hi', NULL, 1, 1, 'text'),
(476, '249123342124', 24, 'local_id', 1729429460873, 'hi', NULL, 1, 1, 'text'),
(477, '966500417638', 24, 'wamid.HBgMOTY2NTAwNDE3NjM4FQIAEhgWM0VCMDIwMTE5QzAwNjc3MTA2QTRCNQA=', 1729437017486, 'hi', NULL, 1, NULL, 'text'),
(478, '249123342124', 24, 'local_id', 1729437025523, 'hi', NULL, 1, 1, 'text'),
(479, '966500417638', 24, 'wamid.HBgMOTY2NTAwNDE3NjM4FQIAEhgWM0VCMDA3MEIzNDc0MzA3NUE1OTIxNgA=', 1729437098938, 'how are you', NULL, 1, NULL, 'text'),
(480, '249123342124', 24, 'local_id', 1729437108862, 'good', NULL, 1, 1, 'text'),
(481, '966500417638', 24, 'wamid.HBgMOTY2NTAwNDE3NjM4FQIAEhgWM0VCMEY5NDk5RjQ3MDY0RkMzMDg1OAA=', 1729437626236, 'hi malik', NULL, 1, NULL, 'text'),
(482, '249123342124', 24, 'local_id', 1729437638221, 'good ruban', NULL, 1, 1, 'text'),
(483, '966551303515', 25, 'inset_id', 1729439524424, 'ุชู ุฅูุดุงุก ุงูุชุฐูุฑุฉ ุจูุงุณุทุฉ 966551303515', NULL, 1, NULL, 'inset_id'),
(484, '966551303515', 25, 'wamid.HBgMOTY2NTUxMzAzNTE1FQIAEhgWM0VCMDA1RDlGRkQ3NDFDMDc1Q0MwMgA=', 1729439524480, 'ููู ูุงููุช ุจุถุบุทุฉ ุฒุฑ ุบุงุฒู ูุฌูู\n*ุญูู ุชุทุจูู ุบุงุฒูุง*โจ\n\n*ูููุฒุงุช ุงูุชุทุจูู*\nุฎุงุตูุฉ ุชุชุจุน ุงูุทูุจ\nุชูุตูู ุงุณุฑุน\nุณูููุฉ ุงูุทูุจ\n\n*ุณุนุฑ ุงูุชูุตูู 15 ุฑูุงู ููุท ููุชุฑุฉ ูุญุฏูุฏุฉ*๐ฅ๐ฅ\n\n\n\n( ุงุจู )\nhttps://apps.apple.com/us/app/%D8%BA%D8%A7%D8%B2%D9%86%D8%A7-%D8%A7%D9%84%D8%B3%D8%B9%D9%88%D8%AF%D9%8A%D8%A9/id6670285826\n\n ( ุงูุฏุฑููุฏ )\nhttps://play.google.com/store/apps/details?id=com.acwad.gazk_xxx&pli=1\n\nุงู ุจุชุญููู ุงูุชุทุจูู ูู ุฎูุงู ุงุจู ุณุชูุฑ ูุงููุชุฌุฑ ุจุงุณู ( ุบุงุฒูุง ุงูุณุนูุฏูู )\n\nุงูุดุฑููู ูุง ูููู๐ฅ๐ฅ\n', NULL, 1, NULL, 'text'),
(485, '249123342124', 24, 'local_id', 1729490228590, 'hi', NULL, 1, 1, 'text'),
(486, '249123342124', 24, 'local_id', 1729490373192, 'hi', NULL, 1, 1, 'text'),
(487, '966500417638', 24, 'wamid.HBgMOTY2NTAwNDE3NjM4FQIAEhgWM0VCMDg1QkQ3RjQ2MDJDNTM0RTY4MwA=', 1729490418720, 'hi', NULL, 1, NULL, 'text'),
(488, '249123342124', 24, 'local_id', 1729492326721, 'hi', NULL, 1, 1, 'text'),
(489, '249123342124', 24, 'local_id', 1729492473538, 'hi', NULL, 1, 1, 'text'),
(490, '966500417638', 24, 'wamid.HBgMOTY2NTAwNDE3NjM4FQIAEhgWM0VCMEJEN0FBMUVGQkIxNjIwRTQwMQA=', 1729492684867, 'hi', NULL, 1, NULL, 'text'),
(491, '249123342124', 24, 'local_id', 1729492694073, 'hi', NULL, 1, 1, 'text'),
(492, '966556824160', 25, 'inset_id', 1729493232031, 'ุชู ุงูุชุนููู ูู ุนุจุฏุงูููู ุนุซูุงู ุจูุงุณุทุฉ ุนุจุฏุงูููู ุนุซูุงู', NULL, 1, 2, 'inset_id'),
(493, '966556824160', 25, 'comment_message_id', 1729495807114, 'ุฑุณุงุฆู ุบูุฑ ูููุฉ', NULL, 1, 2, 'text'),
(494, '966556824160', 25, 'inset_id', 1729495815656, 'ุตูู ุนุจุฏุงูููู ุนุซูุงู ุงููุญุงุฏุซุฉ ุจู ูุดููุฉ', NULL, 1, 2, 'inset_id'),
(495, '966556824160', 25, 'inset_id', 1729495821154, 'ุชู ุงูุฅุบูุงู ุจูุงุณุทุฉ ุนุจุฏุงูููู ุนุซูุงู', NULL, 1, 2, 'inset_id'),
(496, '966500417638', 24, 'wamid.HBgMOTY2NTAwNDE3NjM4FQIAEhgWM0VCMDE1RTgxOTYwMzE5NzU5M0NGQwA=', 1729495905984, 'hi', NULL, 1, NULL, 'text'),
(497, '249123342124', 24, 'local_id', 1729495914320, 'good', NULL, 1, 1, 'text'),
(498, '966556824160', 22, 'inset_id', 1729495942217, 'ุตูู ุนุจุฏุงูููู ุนุซูุงู ุงููุญุงุฏุซุฉ ุจู ุนููู ุฌุฏูุฏ', NULL, 1, 2, 'inset_id'),
(499, '966556824160', 22, 'comment_message_id', 1729495949527, 'ุชู ุชุญููู ุงูุทูุจ', NULL, 1, 2, 'text'),
(500, '966556824160', 22, 'inset_id', 1729495955951, 'ุชู ุงูุฅุบูุงู ุจูุงุณุทุฉ ุนุจุฏุงูููู ุนุซูุงู', NULL, 1, 2, 'inset_id'),
(501, '966556824160', 20, 'inset_id', 1729495965650, 'ุตูู ุนุจุฏุงูููู ุนุซูุงู ุงููุญุงุฏุซุฉ ุจู ุนููู ุฌุฏูุฏ', NULL, 1, 2, 'inset_id'),
(502, '966556824160', 20, 'comment_message_id', 1729495972227, 'ุชู ุชุญููู ุงูุทูุจ', NULL, 1, 2, 'text'),
(503, '966556824160', 20, 'inset_id', 1729495979965, 'ุชู ุงูุฅุบูุงู ุจูุงุณุทุฉ ุนุจุฏุงูููู ุนุซูุงู', NULL, 1, 2, 'inset_id'),
(504, '966556824160', 21, 'comment_message_id', 1729495993440, 'ุชู ุชุญููู ุงูุทูุจ', NULL, 1, 2, 'text'),
(505, '966556824160', 21, 'inset_id', 1729496005653, 'ุตูู ุนุจุฏุงูููู ุนุซูุงู ุงููุญุงุฏุซุฉ ุจู ุนููู ุฌุฏูุฏ', NULL, 1, 2, 'inset_id'),
(506, '966556824160', 21, 'inset_id', 1729496013754, 'ุชู ุงูุฅุบูุงู ุจูุงุณุทุฉ ุนุจุฏุงูููู ุนุซูุงู', NULL, 1, 2, 'inset_id'),
(507, '966556824160', 16, 'comment_message_id', 1729496025403, 'ุชู ูุนุงูุฌุฉ ุงูุทูุจ', NULL, 1, 2, 'text'),
(508, '966556824160', 16, 'inset_id', 1729496033230, 'ุตูู ุนุจุฏุงูููู ุนุซูุงู ุงููุญุงุฏุซุฉ ุจู ุนููู ุฌุฏูุฏ', NULL, 1, 2, 'inset_id'),
(509, '966556824160', 16, 'inset_id', 1729496039121, 'ุชู ุงูุฅุบูุงู ุจูุงุณุทุฉ ุนุจุฏุงูููู ุนุซูุงู', NULL, 1, 2, 'inset_id'),
(510, '966556824160', 14, 'comment_message_id', 1729496051188, 'ุชู ุชุญููู ุงูุทูุจ', NULL, 1, 2, 'text'),
(511, '966556824160', 14, 'inset_id', 1729496056348, 'ุตูู ุนุจุฏุงูููู ุนุซูุงู ุงููุญุงุฏุซุฉ ุจู ูุดููุฉ', NULL, 1, 2, 'inset_id'),
(512, '966556824160', 14, 'inset_id', 1729496061314, 'ุชู ุงูุฅุบูุงู ุจูุงุณุทุฉ ุนุจุฏุงูููู ุนุซูุงู', NULL, 1, 2, 'inset_id'),
(513, '966556824160', 19, 'comment_message_id', 1729496071672, 'ุชู ูุนุงูุฌุฉ ุงูุทูุจ ', NULL, 1, 2, 'text'),
(514, '966556824160', 24, 'inset_id', 1729496937385, 'ุตูู ุนุจุฏุงูููู ุนุซูุงู ุงููุญุงุฏุซุฉ ุจู ุนููู ุฌุฏูุฏ', NULL, 1, 2, 'inset_id'),
(515, '966556824160', 24, 'inset_id', 1729496940740, 'ูุงู ุนุจุฏุงูููู ุนุซูุงู ุจุญุฐู ุงูุชุตููู ุนููู ุฌุฏูุฏ', NULL, 1, 2, 'inset_id'),
(516, '966556824160', 24, 'inset_id', 1729496952617, 'ุตูู ุนุจุฏุงูููู ุนุซูุงู ุงููุญุงุฏุซุฉ ุจู ูุดููุฉ', NULL, 1, 2, 'inset_id'),
(517, '966556824160', 19, 'inset_id', 1729497650211, 'ุตูู ุนุจุฏุงูููู ุนุซูุงู ุงููุญุงุฏุซุฉ ุจู ุนููู ุฌุฏูุฏ', NULL, 1, 2, 'inset_id'),
(518, '966556824160', 19, 'inset_id', 1729497664095, 'ุชู ุงูุฅุบูุงู ุจูุงุณุทุฉ ุนุจุฏุงูููู ุนุซูุงู', NULL, 1, 2, 'inset_id'),
(519, '966556824160', 3, 'inset_id', 1729497677458, 'ุชู ุงูุฅุบูุงู ุจูุงุณุทุฉ ุนุจุฏุงูููู ุนุซูุงู', NULL, 1, 2, 'inset_id'),
(520, '966556824160', 15, 'comment_message_id', 1729497699413, 'ุชู ุชุญููู ุงูุทูุจ ', NULL, 1, 2, 'text'),
(521, '966556824160', 15, 'inset_id', 1729497708699, 'ุตูู ุนุจุฏุงูููู ุนุซูุงู ุงููุญุงุฏุซุฉ ุจู ูุดููุฉ', NULL, 1, 2, 'inset_id'),
(522, '966556824160', 15, 'inset_id', 1729497712034, 'ูุงู ุนุจุฏุงูููู ุนุซูุงู ุจุญุฐู ุงูุชุตููู ูุดููุฉ', NULL, 1, 2, 'inset_id'),
(523, '966556824160', 15, 'inset_id', 1729497718320, 'ุตูู ุนุจุฏุงูููู ุนุซูุงู ุงููุญุงุฏุซุฉ ุจู ุนููู ุฌุฏูุฏ', NULL, 1, 2, 'inset_id'),
(524, '966556824160', 15, 'inset_id', 1729497723848, 'ุชู ุงูุฅุบูุงู ุจูุงุณุทุฉ ุนุจุฏุงูููู ุนุซูุงู', NULL, 1, 2, 'inset_id'),
(525, '966556824160', 18, 'inset_id', 1729497736431, 'ุตูู ุนุจุฏุงูููู ุนุซูุงู ุงููุญุงุฏุซุฉ ุจู ุนููู ุฌุฏูุฏ', NULL, 1, 2, 'inset_id'),
(526, '966556824160', 18, 'inset_id', 1729497755680, 'ุชู ุงูุฅุบูุงู ุจูุงุณุทุฉ ุนุจุฏุงูููู ุนุซูุงู', NULL, 1, 2, 'inset_id'),
(527, '966556824160', 7, 'inset_id', 1729497802929, 'ุชู ุงูุฅุบูุงู ุจูุงุณุทุฉ ุนุจุฏุงูููู ุนุซูุงู', NULL, 1, 2, 'inset_id'),
(528, '966556824160', 12, 'comment_message_id', 1729497847261, 'ุชู ูุนุงูุฌุฉ ุงูุทูุจ ', NULL, 1, 2, 'text'),
(529, '966556824160', 12, 'inset_id', 1729497875284, 'ุตูู ุนุจุฏุงูููู ุนุซูุงู ุงููุญุงุฏุซุฉ ุจู ุนููู ุฌุฏูุฏ', NULL, 1, 2, 'inset_id'),
(530, '966556824160', 12, 'inset_id', 1729497880986, 'ุชู ุงูุฅุบูุงู ุจูุงุณุทุฉ ุนุจุฏุงูููู ุนุซูุงู', NULL, 1, 2, 'inset_id'),
(531, '966556824160', 24, 'inset_id', 1729500222022, 'ุตูู ุนุจุฏุงูููู ุนุซูุงู ุงููุญุงุฏุซุฉ ุจู ุนููู ุฌุฏูุฏ', NULL, 1, 2, 'inset_id'),
(532, '966556824160', 24, 'inset_id', 1729500225981, 'ุตูู ุนุจุฏุงูููู ุนุซูุงู ุงููุญุงุฏุซุฉ ุจู ุชูุช ุงููุนุงูุฌุฉ', NULL, 1, 2, 'inset_id'),
(533, '966556824160', 24, 'inset_id', 1729500229690, 'ูุงู ุนุจุฏุงูููู ุนุซูุงู ุจุญุฐู ุงูุชุตููู ุชูุช ุงููุนุงูุฌุฉ', NULL, 1, 2, 'inset_id'),
(534, '966556824160', 24, 'inset_id', 1729500234597, 'ุตูู ุนุจุฏุงูููู ุนุซูุงู ุงููุญุงุฏุซุฉ ุจู ุชูุช ุงููุนุงูุฌุฉ', NULL, 1, 2, 'inset_id'),
(535, '966556824160', 24, 'inset_id', 1729505123582, 'ูุงู ุนุจุฏุงูููู ุนุซูุงู ุจุญุฐู ุงูุชุตููู ุชูุช ุงููุนุงูุฌุฉ', NULL, 1, 2, 'inset_id'),
(536, '966556824160', 24, 'inset_id', 1729505124286, 'ูุงู ุนุจุฏุงูููู ุนุซูุงู ุจุญุฐู ุงูุชุตููู ุนููู ุฌุฏูุฏ', NULL, 1, 2, 'inset_id'),
(537, '966556824160', 24, 'inset_id', 1729505125077, 'ูุงู ุนุจุฏุงูููู ุนุซูุงู ุจุญุฐู ุงูุชุตููู ูุดููุฉ', NULL, 1, 2, 'inset_id'),
(538, '249123342124', 1, 'inset_id', 1729506520049, 'ุตูู ุญุณุงุจ ุงููุทูุฑ ุงููุญุงุฏุซุฉ ุจู ruban', NULL, 1, 1, 'inset_id'),
(539, '966555018868', 7, 'inset_id', 1729524970350, 'ุชู ุฅุนุงุฏุฉ ุงููุชุญ ุจูุงุณุทุฉ null', NULL, 1, NULL, 'inset_id'),
(540, '966556824160', 7, 'inset_id', 1729585644747, 'ุชู ุงูุชุนููู ูู ุนุจุฏุงูููู ุนุซูุงู ุจูุงุณุทุฉ ุนุจุฏุงูููู ุนุซูุงู', NULL, 1, 2, 'inset_id');



INSERT INTO `messages_button` (`id`, `message_id`, `text`, `payload`) VALUES
(1, 6, 'ุงูุชุญุฏุซ ูุงุญูุง', 'ุงูุชุญุฏุซ ูุงุญูุง'),
(2, 11, 'ุจุฏุก ุงููุญุงุฏุซุฉ', 'ุจุฏุก ุงููุญุงุฏุซุฉ'),
(3, 61, 'ุจุฏุก ุงููุญุงุฏุซุฉ', 'ุจุฏุก ุงููุญุงุฏุซุฉ'),
(4, 184, 'ุจุฏุก ุงููุญุงุฏุซุฉ', 'ุจุฏุก ุงููุญุงุฏุซุฉ'),
(5, 200, 'ุงูุชุญุฏุซ ูุงุญูุง', 'ุงูุชุญุฏุซ ูุงุญูุง'),
(6, 222, 'ุจุฏุก ุงููุญุงุฏุซุฉ', 'ุจุฏุก ุงููุญุงุฏุซุฉ'),
(7, 285, 'ุจุฏุก ุงููุญุงุฏุซุฉ', 'ุจุฏุก ุงููุญุงุฏุซุฉ');

INSERT INTO `messages_template` (`id`, `message_id`, `template_id`) VALUES
(1, 5, 1),
(2, 10, 1),
(3, 59, 1),
(4, 221, 1),
(5, 284, 1),
(6, 332, 1);